ts,symbol,open,high,low,close,volume
2026-01-08T12:32:00+00:00,MGC,4430.3,4432.2,4429.6,4431.5,452.0
2026-01-08T12:33:00+00:00,MGC,4431.7,4434.2,4431.5,4432.6,548.0
2026-01-08T12:34:00+00:00,MGC,4432.5,4432.6,4430.9,4431.7,334.0
2026-01-08T12:35:00+00:00,MGC,4431.5,4431.5,4430.0,4430.1,374.0
2026-01-08T12:36:00+00:00,MGC,4430.2,4432.7,4429.5,4432.7,357.0
2026-01-08T12:37:00+00:00,MGC,4432.8,4434.0,4432.2,4433.8,352.0
2026-01-08T12:38:00+00:00,MGC,4433.6,4434.4,4432.7,4434.4,253.0
2026-01-08T12:39:00+00:00,MGC,4434.3,4436.4,4434.1,4435.7,463.0
2026-01-08T12:40:00+00:00,MGC,4435.5,4435.7,4434.5,4435.2,246.0
2026-01-08T12:41:00+00:00,MGC,4435.5,4437.8,4435.5,4437.7,450.0
2026-01-08T12:42:00+00:00,MGC,4437.6,4438.3,4436.9,4438.0,272.0
2026-01-08T12:43:00+00:00,MGC,4437.9,4438.6,4437.2,4438.4,272.0
2026-01-08T12:44:00+00:00,MGC,4438.4,4439.1,4436.0,4436.6,489.0
2026-01-08T12:45:00+00:00,MGC,4436.8,4437.6,4435.3,4435.4,419.0
2026-01-08T12:46:00+00:00,MGC,4435.4,4436.5,4434.3,4435.0,341.0
2026-01-08T12:47:00+00:00,MGC,4435.1,4437.1,4434.8,4436.8,220.0
2026-01-08T12:48:00+00:00,MGC,4436.8,4438.0,4436.6,4437.0,235.0
2026-01-08T12:49:00+00:00,MGC,4437.1,4438.1,4436.0,4436.2,258.0
2026-01-08T12:50:00+00:00,MGC,4436.0,4436.3,4434.6,4435.2,285.0
2026-01-08T12:51:00+00:00,MGC,4435.1,4438.0,4435.1,4436.9,214.0
2026-01-08T12:52:00+00:00,MGC,4436.8,4437.3,4436.2,4436.7,141.0
2026-01-08T12:53:00+00:00,MGC,4436.5,4437.6,4436.0,4436.5,148.0
2026-01-08T12:54:00+00:00,MGC,4436.4,4436.8,4433.8,4435.0,265.0
2026-01-08T12:55:00+00:00,MGC,4434.9,4436.5,4434.1,4435.8,229.0
2026-01-08T12:56:00+00:00,MGC,4435.8,4436.0,4435.1,4435.6,124.0
2026-01-08T12:57:00+00:00,MGC,4435.6,4436.4,4435.4,4435.6,89.0
2026-01-08T12:58:00+00:00,MGC,4435.7,4436.1,4434.5,4435.2,180.0
2026-01-08T12:59:00+00:00,MGC,4435.2,4435.3,4433.6,4435.2,224.0
2026-01-08T13:00:00+00:00,MGC,4435.3,4437.4,4434.1,4435.1,801.0
2026-01-08T13:01:00+00:00,MGC,4435.3,4435.6,4432.8,4433.2,508.0
2026-01-08T13:02:00+00:00,MGC,4433.3,4434.3,4432.0,4433.7,474.0
2026-01-08T13:03:00+00:00,MGC,4433.5,4434.6,4432.5,4434.0,327.0
2026-01-08T13:04:00+00:00,MGC,4434.0,4434.9,4430.9,4431.2,335.0
2026-01-08T13:05:00+00:00,MGC,4431.4,4431.7,4427.6,4429.1,961.0
2026-01-08T13:06:00+00:00,MGC,4428.9,4428.9,4425.4,4428.8,969.0
2026-01-08T13:07:00+00:00,MGC,4428.5,4428.8,4426.2,4427.4,580.0
2026-01-08T13:08:00+00:00,MGC,4427.3,4429.2,4426.7,4428.5,520.0
2026-01-08T13:09:00+00:00,MGC,4428.4,4429.1,4426.1,4426.5,479.0
2026-01-08T13:10:00+00:00,MGC,4426.5,4427.7,4425.0,4426.6,705.0
2026-01-08T13:11:00+00:00,MGC,4426.6,4429.1,4426.1,4427.7,663.0
2026-01-08T13:12:00+00:00,MGC,4427.6,4429.0,4425.9,4427.6,476.0
2026-01-08T13:13:00+00:00,MGC,4427.7,4428.7,4425.7,4427.3,299.0
2026-01-08T13:14:00+00:00,MGC,4427.3,4429.1,4426.2,4428.5,420.0
2026-01-08T13:15:00+00:00,MGC,4428.5,4431.2,4428.4,4430.7,707.0
2026-01-08T13:16:00+00:00,MGC,4430.5,4432.3,4429.2,4430.4,555.0
2026-01-08T13:17:00+00:00,MGC,4430.2,4433.0,4430.1,4432.4,336.0
2026-01-08T13:18:00+00:00,MGC,4432.6,4434.2,4432.1,4434.2,337.0
2026-01-08T13:19:00+00:00,MGC,4434.3,4435.8,4433.7,4433.8,619.0
2026-01-08T13:20:00+00:00,MGC,4433.9,4437.7,4433.8,4437.3,689.0
2026-01-08T13:21:00+00:00,MGC,4437.3,4438.6,4436.5,4438.0,471.0
2026-01-08T13:22:00+00:00,MGC,4438.1,4441.1,4437.3,4440.6,971.0
2026-01-08T13:23:00+00:00,MGC,4440.5,4441.2,4438.5,4440.1,703.0
2026-01-08T13:24:00+00:00,MGC,4439.9,4441.1,4438.8,4440.3,372.0
2026-01-08T13:25:00+00:00,MGC,4440.2,4444.5,4440.2,4443.0,1315.0
2026-01-08T13:26:00+00:00,MGC,4442.8,4444.0,4439.1,4441.2,761.0
2026-01-08T13:27:00+00:00,MGC,4441.2,4441.3,4439.1,4439.6,275.0
2026-01-08T13:28:00+00:00,MGC,4439.7,4441.0,4439.4,4440.0,319.0
2026-01-08T13:29:00+00:00,MGC,4440.0,4442.8,4439.6,4442.0,255.0
2026-01-08T13:30:00+00:00,MGC,4442.8,4443.0,4435.8,4437.7,872.0
2026-01-08T13:31:00+00:00,MGC,4437.8,4438.3,4435.5,4435.9,460.0
2026-01-08T13:32:00+00:00,MGC,4436.0,4438.4,4435.2,4437.6,495.0
2026-01-08T13:33:00+00:00,MGC,4437.5,4437.5,4434.4,4435.6,471.0
2026-01-08T13:34:00+00:00,MGC,4435.4,4436.7,4434.5,4435.7,480.0
2026-01-08T13:35:00+00:00,MGC,4435.7,4439.2,4435.5,4438.6,525.0
2026-01-08T13:36:00+00:00,MGC,4438.6,4439.9,4438.1,4438.4,420.0
2026-01-08T13:37:00+00:00,MGC,4438.3,4439.2,4436.4,4438.2,308.0
2026-01-08T13:38:00+00:00,MGC,4438.2,4440.8,4438.2,4439.7,440.0
2026-01-08T13:39:00+00:00,MGC,4440.0,4440.0,4437.0,4437.5,371.0
2026-01-08T13:40:00+00:00,MGC,4437.5,4437.9,4434.7,4435.1,499.0
2026-01-08T13:41:00+00:00,MGC,4435.1,4439.3,4434.4,4439.2,520.0
2026-01-08T13:42:00+00:00,MGC,4439.3,4441.7,4439.0,4441.1,559.0
2026-01-08T13:43:00+00:00,MGC,4440.9,4443.8,4440.8,4443.8,607.0
2026-01-08T13:44:00+00:00,MGC,4443.8,4444.4,4441.8,4441.9,660.0
2026-01-08T13:45:00+00:00,MGC,4442.0,4442.7,4440.4,4441.1,423.0
2026-01-08T13:46:00+00:00,MGC,4440.9,4442.3,4439.2,4440.2,515.0
2026-01-08T13:47:00+00:00,MGC,4440.5,4440.7,4438.6,4439.8,292.0
2026-01-08T13:48:00+00:00,MGC,4439.9,4442.0,4439.6,4440.8,231.0
2026-01-08T13:49:00+00:00,MGC,4441.0,4441.5,4437.8,4437.8,378.0
2026-01-08T13:50:00+00:00,MGC,4437.9,4439.1,4437.1,4437.1,367.0
2026-01-08T13:51:00+00:00,MGC,4437.0,4438.9,4436.6,4437.7,290.0
2026-01-08T13:52:00+00:00,MGC,4437.8,4438.3,4436.5,4438.2,218.0
2026-01-08T13:53:00+00:00,MGC,4438.5,4439.8,4437.5,4438.0,282.0
2026-01-08T13:54:00+00:00,MGC,4437.8,4438.4,4432.6,4433.3,895.0
2026-01-08T13:55:00+00:00,MGC,4433.5,4434.2,4431.1,4431.3,700.0
2026-01-08T13:56:00+00:00,MGC,4431.4,4433.5,4431.0,4433.0,640.0
2026-01-08T13:57:00+00:00,MGC,4433.4,4433.4,4431.5,4433.2,328.0
2026-01-08T13:58:00+00:00,MGC,4433.1,4433.6,4430.5,4430.8,395.0
2026-01-08T13:59:00+00:00,MGC,4430.7,4433.4,4429.7,4432.2,806.0
2026-01-08T14:00:00+00:00,MGC,4432.2,4432.6,4429.3,4431.6,956.0
2026-01-08T14:01:00+00:00,MGC,4431.6,4434.5,4430.4,4432.2,821.0
2026-01-08T14:02:00+00:00,MGC,4432.9,4433.1,4430.1,4431.4,480.0
2026-01-08T14:03:00+00:00,MGC,4431.6,4435.4,4431.6,4434.8,730.0
2026-01-08T14:04:00+00:00,MGC,4434.6,4436.5,4432.7,4432.8,859.0
2026-01-08T14:05:00+00:00,MGC,4432.7,4434.3,4430.4,4432.9,729.0
2026-01-08T14:06:00+00:00,MGC,4432.8,4435.6,4431.2,4434.1,779.0
2026-01-08T14:07:00+00:00,MGC,4434.2,4434.6,4429.7,4429.9,680.0
2026-01-08T14:08:00+00:00,MGC,4429.9,4429.9,4427.1,4428.8,1037.0
2026-01-08T14:09:00+00:00,MGC,4428.8,4432.5,4428.3,4431.8,597.0
2026-01-08T14:10:00+00:00,MGC,4432.2,4433.2,4430.4,4432.8,599.0
2026-01-08T14:11:00+00:00,MGC,4432.8,4435.3,4432.4,4434.5,654.0
2026-01-08T14:12:00+00:00,MGC,4434.6,4436.3,4434.1,4436.2,524.0
2026-01-08T14:13:00+00:00,MGC,4436.3,4436.3,4433.9,4434.1,353.0
2026-01-08T14:14:00+00:00,MGC,4434.3,4434.4,4431.5,4431.8,443.0
2026-01-08T14:15:00+00:00,MGC,4431.8,4432.2,4429.5,4431.1,586.0
2026-01-08T14:16:00+00:00,MGC,4431.2,4431.2,4427.6,4430.7,775.0
2026-01-08T14:17:00+00:00,MGC,4431.0,4432.5,4430.7,4432.3,333.0
2026-01-08T14:18:00+00:00,MGC,4431.9,4435.5,4431.8,4435.1,608.0
2026-01-08T14:19:00+00:00,MGC,4435.1,4436.3,4433.8,4436.0,600.0
2026-01-08T14:20:00+00:00,MGC,4435.8,4436.2,4433.1,4433.7,454.0
2026-01-08T14:21:00+00:00,MGC,4433.5,4433.6,4429.7,4429.7,694.0
2026-01-08T14:22:00+00:00,MGC,4429.7,4431.0,4428.9,4430.7,430.0
2026-01-08T14:23:00+00:00,MGC,4430.5,4434.5,4430.3,4434.4,518.0
2026-01-08T14:24:00+00:00,MGC,4434.3,4437.8,4434.1,4437.6,536.0
2026-01-08T14:25:00+00:00,MGC,4437.6,4438.8,4437.3,4438.2,483.0
2026-01-08T14:26:00+00:00,MGC,4438.3,4438.5,4436.7,4436.7,343.0
2026-01-08T14:27:00+00:00,MGC,4436.7,4437.4,4435.9,4436.2,250.0
2026-01-08T14:28:00+00:00,MGC,4436.1,4436.9,4435.7,4436.3,237.0
2026-01-08T14:29:00+00:00,MGC,4436.2,4437.2,4435.0,4436.3,309.0
2026-01-08T14:30:00+00:00,MGC,4436.5,4436.5,4431.5,4434.9,1333.0
2026-01-08T14:31:00+00:00,MGC,4434.7,4435.5,4430.3,4431.9,755.0
2026-01-08T14:32:00+00:00,MGC,4431.9,4441.7,4431.8,4440.7,1298.0
2026-01-08T14:33:00+00:00,MGC,4440.9,4442.0,4437.0,4437.1,1193.0
2026-01-08T14:34:00+00:00,MGC,4437.2,4441.5,4437.2,4439.1,556.0
2026-01-08T14:35:00+00:00,MGC,4439.4,4442.5,4439.2,4439.8,788.0
2026-01-08T14:36:00+00:00,MGC,4439.9,4444.1,4439.8,4441.0,979.0
2026-01-08T14:37:00+00:00,MGC,4441.0,4444.0,4438.6,4438.9,794.0
2026-01-08T14:38:00+00:00,MGC,4438.8,4442.6,4438.0,4442.5,812.0
2026-01-08T14:39:00+00:00,MGC,4442.4,4444.0,4437.5,4437.7,822.0
2026-01-08T14:40:00+00:00,MGC,4437.9,4440.6,4437.2,4440.2,846.0
2026-01-08T14:41:00+00:00,MGC,4440.1,4440.1,4436.4,4438.3,553.0
2026-01-08T14:42:00+00:00,MGC,4438.4,4438.7,4435.0,4435.3,756.0
2026-01-08T14:43:00+00:00,MGC,4435.2,4439.2,4433.7,4439.1,706.0
2026-01-08T14:44:00+00:00,MGC,4438.9,4441.0,4434.4,4434.8,639.0
2026-01-08T14:45:00+00:00,MGC,4434.7,4438.6,4434.4,4438.0,689.0
2026-01-08T14:46:00+00:00,MGC,4438.2,4443.4,4436.9,4443.0,828.0
2026-01-08T14:47:00+00:00,MGC,4443.2,4446.8,4443.0,4446.0,1527.0
2026-01-08T14:48:00+00:00,MGC,4446.1,4446.1,4442.8,4445.1,793.0
2026-01-08T14:49:00+00:00,MGC,4445.0,4446.4,4444.0,4445.3,716.0
2026-01-08T14:50:00+00:00,MGC,4445.2,4448.2,4441.7,4441.7,1295.0
2026-01-08T14:51:00+00:00,MGC,4442.0,4443.5,4439.7,4441.2,843.0
2026-01-08T14:52:00+00:00,MGC,4441.1,4444.5,4440.8,4443.6,521.0
2026-01-08T14:53:00+00:00,MGC,4443.6,4446.1,4442.1,4442.8,695.0
2026-01-08T14:54:00+00:00,MGC,4442.7,4444.5,4441.4,4443.8,706.0
2026-01-08T14:55:00+00:00,MGC,4443.6,4444.6,4442.4,4443.6,464.0
2026-01-08T14:56:00+00:00,MGC,4443.3,4444.4,4441.3,4442.2,426.0
2026-01-08T14:57:00+00:00,MGC,4442.2,4445.8,4441.8,4444.8,469.0
2026-01-08T14:58:00+00:00,MGC,4444.9,4446.0,4443.6,4443.6,433.0
2026-01-08T14:59:00+00:00,MGC,4443.5,4444.0,4440.6,4441.6,580.0
2026-01-08T15:00:00+00:00,MGC,4441.4,4441.4,4436.4,4436.7,1841.0
2026-01-08T15:01:00+00:00,MGC,4436.8,4440.0,4436.4,4439.6,676.0
2026-01-08T15:02:00+00:00,MGC,4439.5,4440.8,4437.8,4440.4,898.0
2026-01-08T15:03:00+00:00,MGC,4440.3,4443.3,4438.7,4441.9,915.0
2026-01-08T15:04:00+00:00,MGC,4441.9,4443.5,4441.9,4443.4,605.0
2026-01-08T15:05:00+00:00,MGC,4443.5,4449.0,4442.6,4448.6,1667.0
2026-01-08T15:06:00+00:00,MGC,4448.4,4449.3,4446.5,4447.3,762.0
2026-01-08T15:07:00+00:00,MGC,4447.4,4450.6,4446.8,4449.0,1196.0
2026-01-08T15:08:00+00:00,MGC,4449.0,4450.5,4447.2,4450.4,726.0
2026-01-08T15:09:00+00:00,MGC,4450.5,4453.7,4450.3,4453.3,1738.0
2026-01-08T15:10:00+00:00,MGC,4453.4,4457.7,4453.3,4456.4,2061.0
2026-01-08T15:11:00+00:00,MGC,4456.3,4458.4,4455.2,4457.7,1065.0
2026-01-08T15:12:00+00:00,MGC,4457.9,4457.9,4454.6,4455.5,926.0
2026-01-08T15:13:00+00:00,MGC,4455.5,4456.2,4453.4,4453.4,720.0
2026-01-08T15:14:00+00:00,MGC,4453.3,4457.1,4452.5,4456.8,827.0
2026-01-08T15:15:00+00:00,MGC,4456.8,4457.8,4455.1,4457.8,712.0
2026-01-08T15:16:00+00:00,MGC,4457.8,4461.8,4456.0,4461.4,1787.0
2026-01-08T15:17:00+00:00,MGC,4461.5,4463.2,4460.7,4461.4,1216.0
2026-01-08T15:18:00+00:00,MGC,4461.2,4461.8,4458.3,4459.0,837.0
2026-01-08T15:19:00+00:00,MGC,4459.0,4459.1,4455.5,4456.4,858.0
2026-01-08T15:20:00+00:00,MGC,4456.5,4460.1,4455.2,4457.5,1092.0
2026-01-08T15:21:00+00:00,MGC,4457.7,4457.7,4454.6,4456.2,738.0
2026-01-08T15:22:00+00:00,MGC,4456.0,4457.6,4453.6,4454.3,710.0
2026-01-08T15:23:00+00:00,MGC,4454.3,4456.0,4452.7,4456.0,665.0
2026-01-08T15:24:00+00:00,MGC,4456.2,4458.4,4454.8,4456.1,780.0
2026-01-08T15:25:00+00:00,MGC,4456.2,4457.1,4454.1,4454.7,495.0
2026-01-08T15:26:00+00:00,MGC,4454.9,4454.9,4452.1,4452.8,579.0
2026-01-08T15:27:00+00:00,MGC,4452.6,4455.4,4452.5,4453.7,403.0
2026-01-08T15:28:00+00:00,MGC,4453.9,4457.7,4453.9,4457.1,696.0
2026-01-08T15:29:00+00:00,MGC,4457.1,4457.5,4455.0,4456.9,375.0
2026-01-08T15:30:00+00:00,MGC,4456.9,4459.3,4455.8,4457.5,899.0
2026-01-08T15:31:00+00:00,MGC,4457.7,4461.1,4456.2,4459.9,846.0
2026-01-08T15:32:00+00:00,MGC,4459.8,4461.4,4458.6,4461.4,658.0
2026-01-08T15:33:00+00:00,MGC,4461.5,4462.4,4460.1,4460.8,766.0
2026-01-08T15:34:00+00:00,MGC,4460.6,4462.5,4459.7,4460.0,617.0
2026-01-08T15:35:00+00:00,MGC,4460.2,4461.3,4458.0,4458.5,649.0
2026-01-08T15:36:00+00:00,MGC,4458.4,4459.3,4457.2,4457.4,466.0
2026-01-08T15:37:00+00:00,MGC,4457.4,4458.9,4456.7,4457.9,475.0
2026-01-08T15:38:00+00:00,MGC,4457.7,4457.8,4456.0,4456.3,412.0
2026-01-08T15:39:00+00:00,MGC,4456.3,4460.6,4456.0,4459.3,540.0
2026-01-08T15:40:00+00:00,MGC,4459.3,4461.9,4459.3,4461.9,616.0
2026-01-08T15:41:00+00:00,MGC,4461.9,4464.8,4460.6,4461.5,1168.0
2026-01-08T15:42:00+00:00,MGC,4461.6,4463.1,4459.1,4463.0,595.0
2026-01-08T15:43:00+00:00,MGC,4463.1,4464.6,4462.6,4464.0,791.0
2026-01-08T15:44:00+00:00,MGC,4463.9,4464.5,4461.8,4462.3,521.0
2026-01-08T15:45:00+00:00,MGC,4462.3,4464.0,4461.0,4461.2,579.0
2026-01-08T15:46:00+00:00,MGC,4461.5,4462.1,4460.2,4461.0,563.0
2026-01-08T15:47:00+00:00,MGC,4461.2,4462.6,4459.0,4459.0,460.0
2026-01-08T15:48:00+00:00,MGC,4459.1,4463.4,4458.7,4462.9,588.0
2026-01-08T15:49:00+00:00,MGC,4463.1,4464.9,4462.7,4463.6,631.0
2026-01-08T15:50:00+00:00,MGC,4463.8,4465.7,4461.9,4463.4,813.0
2026-01-08T15:51:00+00:00,MGC,4463.5,4463.7,4461.1,4461.2,432.0
2026-01-08T15:52:00+00:00,MGC,4461.2,4462.0,4460.5,4460.9,491.0
2026-01-08T15:53:00+00:00,MGC,4460.8,4462.1,4459.8,4460.6,434.0
2026-01-08T15:54:00+00:00,MGC,4460.7,4461.5,4457.1,4457.4,672.0
2026-01-08T15:55:00+00:00,MGC,4457.6,4459.8,4456.7,4459.3,620.0
2026-01-08T15:56:00+00:00,MGC,4459.4,4460.4,4457.4,4460.4,487.0
2026-01-08T15:57:00+00:00,MGC,4460.3,4462.2,4459.7,4462.0,419.0
2026-01-08T15:58:00+00:00,MGC,4462.2,4465.0,4462.0,4464.9,605.0
2026-01-08T15:59:00+00:00,MGC,4464.8,4464.9,4462.9,4463.5,403.0
2026-01-08T16:00:00+00:00,MGC,4463.4,4464.2,4461.7,4462.7,389.0
2026-01-08T16:01:00+00:00,MGC,4462.7,4466.8,4462.7,4466.2,764.0
2026-01-08T16:02:00+00:00,MGC,4466.1,4467.5,4465.9,4466.7,741.0
2026-01-08T16:03:00+00:00,MGC,4466.8,4467.2,4464.2,4465.0,486.0
2026-01-08T16:04:00+00:00,MGC,4465.0,4465.6,4463.0,4463.2,476.0
2026-01-08T16:05:00+00:00,MGC,4463.1,4463.1,4461.5,4461.7,507.0
2026-01-08T16:06:00+00:00,MGC,4461.8,4462.8,4460.9,4461.2,419.0
2026-01-08T16:07:00+00:00,MGC,4461.1,4463.7,4460.8,4463.3,357.0
2026-01-08T16:08:00+00:00,MGC,4463.2,4464.0,4461.4,4461.6,346.0
2026-01-08T16:09:00+00:00,MGC,4461.5,4462.1,4460.3,4461.1,256.0
2026-01-08T16:10:00+00:00,MGC,4461.2,4462.5,4459.8,4459.8,442.0
2026-01-08T16:11:00+00:00,MGC,4459.7,4460.9,4459.3,4460.4,460.0
2026-01-08T16:12:00+00:00,MGC,4460.2,4461.5,4460.1,4460.7,181.0
2026-01-08T16:13:00+00:00,MGC,4460.9,4461.0,4458.1,4458.2,451.0
2026-01-08T16:14:00+00:00,MGC,4458.1,4458.9,4456.4,4456.5,662.0
2026-01-08T16:15:00+00:00,MGC,4456.6,4459.1,4456.2,4458.3,563.0
2026-01-08T16:16:00+00:00,MGC,4458.4,4459.6,4457.3,4459.2,388.0
2026-01-08T16:17:00+00:00,MGC,4459.2,4459.5,4457.6,4458.0,260.0
2026-01-08T16:18:00+00:00,MGC,4458.0,4461.0,4457.8,4460.6,503.0
2026-01-08T16:19:00+00:00,MGC,4460.5,4462.2,4458.9,4460.1,473.0
2026-01-08T16:20:00+00:00,MGC,4460.2,4463.8,4460.2,4462.6,576.0
2026-01-08T16:21:00+00:00,MGC,4462.5,4463.3,4462.0,4462.8,298.0
2026-01-08T16:22:00+00:00,MGC,4462.7,4462.9,4461.0,4461.7,252.0
2026-01-08T16:23:00+00:00,MGC,4461.8,4462.5,4460.4,4460.5,280.0
2026-01-08T16:24:00+00:00,MGC,4460.4,4462.1,4460.0,4461.7,251.0
2026-01-08T16:25:00+00:00,MGC,4461.7,4462.9,4460.7,4462.6,298.0
2026-01-08T16:26:00+00:00,MGC,4462.4,4463.6,4462.0,4462.1,220.0
2026-01-08T16:27:00+00:00,MGC,4462.2,4462.9,4461.8,4462.0,177.0
2026-01-08T16:28:00+00:00,MGC,4462.0,4464.6,4461.6,4464.5,358.0
2026-01-08T16:29:00+00:00,MGC,4464.5,4464.7,4462.1,4462.9,252.0
2026-01-08T16:30:00+00:00,MGC,4462.8,4464.0,4460.9,4463.3,336.0
2026-01-08T16:31:00+00:00,MGC,4463.2,4464.6,4462.3,4464.3,254.0
2026-01-08T16:32:00+00:00,MGC,4464.4,4468.6,4463.8,4468.4,1016.0
2026-01-08T16:33:00+00:00,MGC,4468.3,4470.4,4467.4,4469.8,923.0
2026-01-08T16:34:00+00:00,MGC,4469.6,4471.5,4469.6,4470.5,730.0
2026-01-08T16:35:00+00:00,MGC,4470.6,4471.7,4467.6,4468.1,519.0
2026-01-08T16:36:00+00:00,MGC,4468.1,4469.7,4467.6,4469.7,355.0
2026-01-08T16:37:00+00:00,MGC,4469.5,4472.0,4469.0,4470.9,697.0
2026-01-08T16:38:00+00:00,MGC,4470.8,4473.3,4469.8,4472.9,675.0
2026-01-08T16:39:00+00:00,MGC,4473.1,4474.0,4471.6,4472.7,622.0
2026-01-08T16:40:00+00:00,MGC,4472.5,4472.7,4470.5,4470.9,384.0
2026-01-08T16:41:00+00:00,MGC,4471.0,4474.3,4471.0,4474.0,562.0
2026-01-08T16:42:00+00:00,MGC,4474.0,4474.5,4471.2,4471.5,429.0
2026-01-08T16:43:00+00:00,MGC,4471.4,4471.9,4469.8,4470.3,420.0
2026-01-08T16:44:00+00:00,MGC,4470.4,4471.4,4469.3,4470.3,296.0
2026-01-08T16:45:00+00:00,MGC,4470.4,4470.5,4468.0,4469.2,391.0
2026-01-08T16:46:00+00:00,MGC,4469.2,4469.3,4468.1,4468.6,215.0
2026-01-08T16:47:00+00:00,MGC,4468.5,4469.4,4467.9,4469.4,240.0
2026-01-08T16:48:00+00:00,MGC,4469.1,4469.4,4467.2,4467.8,430.0
2026-01-08T16:49:00+00:00,MGC,4467.8,4469.3,4467.6,4467.6,388.0
2026-01-08T16:50:00+00:00,MGC,4467.7,4470.2,4467.7,4469.6,315.0
2026-01-08T16:51:00+00:00,MGC,4469.5,4470.0,4468.8,4469.0,231.0
2026-01-08T16:52:00+00:00,MGC,4469.2,4470.4,4468.8,4469.0,231.0
2026-01-08T16:53:00+00:00,MGC,4469.2,4470.0,4468.4,4469.7,173.0
2026-01-08T16:54:00+00:00,MGC,4469.6,4470.8,4469.2,4470.6,178.0
2026-01-08T16:55:00+00:00,MGC,4470.9,4471.3,4469.7,4471.1,236.0
2026-01-08T16:56:00+00:00,MGC,4470.8,4472.0,4470.2,4471.4,236.0
2026-01-08T16:57:00+00:00,MGC,4471.6,4473.0,4470.1,4472.8,313.0
2026-01-08T16:58:00+00:00,MGC,4472.8,4473.6,4471.8,4472.9,315.0
2026-01-08T16:59:00+00:00,MGC,4473.0,4473.2,4472.1,4472.5,138.0
2026-01-08T17:00:00+00:00,MGC,4472.6,4474.0,4469.6,4471.2,716.0
2026-01-08T17:01:00+00:00,MGC,4471.3,4474.1,4470.5,4473.8,355.0
2026-01-08T17:02:00+00:00,MGC,4473.9,4475.5,4472.9,4473.3,734.0
2026-01-08T17:03:00+00:00,MGC,4473.3,4473.5,4471.8,4472.1,260.0
2026-01-08T17:04:00+00:00,MGC,4471.9,4472.4,4470.4,4471.2,265.0
2026-01-08T17:05:00+00:00,MGC,4471.1,4471.1,4468.8,4470.2,388.0
2026-01-08T17:06:00+00:00,MGC,4470.2,4470.5,4469.3,4469.4,201.0
2026-01-08T17:07:00+00:00,MGC,4469.3,4470.9,4469.0,4470.9,205.0
2026-01-08T17:08:00+00:00,MGC,4470.7,4471.2,4469.9,4470.0,249.0
2026-01-08T17:09:00+00:00,MGC,4469.9,4470.1,4467.2,4468.0,423.0
2026-01-08T17:10:00+00:00,MGC,4468.2,4469.0,4467.7,4468.1,309.0
2026-01-08T17:11:00+00:00,MGC,4468.1,4470.7,4468.1,4470.7,263.0
2026-01-08T17:12:00+00:00,MGC,4470.3,4471.2,4468.8,4469.2,276.0
2026-01-08T17:13:00+00:00,MGC,4469.0,4470.5,4468.9,4469.7,128.0
2026-01-08T17:14:00+00:00,MGC,4469.7,4470.1,4468.6,4469.3,155.0
2026-01-08T17:15:00+00:00,MGC,4469.0,4469.3,4468.0,4468.2,164.0
2026-01-08T17:16:00+00:00,MGC,4468.1,4469.2,4468.0,4468.4,140.0
2026-01-08T17:17:00+00:00,MGC,4468.1,4469.0,4466.7,4467.5,499.0
2026-01-08T17:18:00+00:00,MGC,4467.5,4469.3,4466.9,4469.3,225.0
2026-01-08T17:19:00+00:00,MGC,4468.8,4470.8,4468.5,4470.5,329.0
2026-01-08T17:20:00+00:00,MGC,4470.4,4470.4,4468.0,4468.8,247.0
2026-01-08T17:21:00+00:00,MGC,4468.8,4469.0,4468.0,4468.8,123.0
2026-01-08T17:22:00+00:00,MGC,4468.7,4470.4,4468.7,4470.3,189.0
2026-01-08T17:23:00+00:00,MGC,4469.8,4470.9,4468.7,4468.9,219.0
2026-01-08T17:24:00+00:00,MGC,4469.2,4470.8,4469.1,4470.6,195.0
2026-01-08T17:25:00+00:00,MGC,4470.4,4470.9,4468.5,4468.8,255.0
2026-01-08T17:26:00+00:00,MGC,4468.9,4470.5,4468.5,4470.2,205.0
2026-01-08T17:27:00+00:00,MGC,4470.1,4472.0,4469.8,4471.0,235.0
2026-01-08T17:28:00+00:00,MGC,4471.1,4471.6,4470.5,4470.7,85.0
2026-01-08T17:29:00+00:00,MGC,4470.8,4471.4,4470.5,4471.0,100.0
2026-01-08T17:30:00+00:00,MGC,4471.2,4472.5,4471.2,4472.1,325.0
2026-01-08T17:31:00+00:00,MGC,4472.1,4473.0,4471.9,4472.7,234.0
2026-01-08T17:32:00+00:00,MGC,4472.7,4473.0,4471.0,4471.5,265.0
2026-01-08T17:33:00+00:00,MGC,4471.6,4472.2,4471.3,4471.9,142.0
2026-01-08T17:34:00+00:00,MGC,4471.8,4471.9,4469.1,4469.6,347.0
2026-01-08T17:35:00+00:00,MGC,4469.4,4470.0,4468.9,4469.5,190.0
2026-01-08T17:36:00+00:00,MGC,4469.4,4469.7,4468.8,4469.5,179.0
2026-01-08T17:37:00+00:00,MGC,4469.4,4470.1,4469.0,4469.4,101.0
2026-01-08T17:38:00+00:00,MGC,4469.3,4469.7,4468.4,4469.6,162.0
2026-01-08T17:39:00+00:00,MGC,4469.6,4471.4,4469.4,4471.2,184.0
2026-01-08T17:40:00+00:00,MGC,4471.3,4472.0,4470.7,4471.7,187.0
2026-01-08T17:41:00+00:00,MGC,4471.4,4472.2,4471.2,4471.5,110.0
2026-01-08T17:42:00+00:00,MGC,4471.5,4471.9,4470.8,4471.7,102.0
2026-01-08T17:43:00+00:00,MGC,4471.6,4472.1,4470.6,4470.8,94.0
2026-01-08T17:44:00+00:00,MGC,4470.6,4471.4,4470.6,4470.9,89.0
2026-01-08T17:45:00+00:00,MGC,4470.8,4471.7,4470.5,4470.6,134.0
2026-01-08T17:46:00+00:00,MGC,4470.6,4470.9,4469.6,4470.7,148.0
2026-01-08T17:47:00+00:00,MGC,4470.5,4470.8,4469.2,4469.5,142.0
2026-01-08T17:48:00+00:00,MGC,4469.7,4470.1,4469.2,4469.4,125.0
2026-01-08T17:49:00+00:00,MGC,4469.5,4469.6,4468.6,4469.4,116.0
2026-01-08T17:50:00+00:00,MGC,4469.4,4471.1,4469.3,4471.0,186.0
2026-01-08T17:51:00+00:00,MGC,4471.0,4471.3,4469.9,4471.3,137.0
2026-01-08T17:52:00+00:00,MGC,4471.2,4473.2,4471.1,4472.5,317.0
2026-01-08T17:53:00+00:00,MGC,4472.6,4473.1,4471.9,4473.1,159.0
2026-01-08T17:54:00+00:00,MGC,4472.9,4473.3,4471.8,4472.1,138.0
2026-01-08T17:55:00+00:00,MGC,4472.1,4472.5,4471.3,4471.4,162.0
2026-01-08T17:56:00+00:00,MGC,4471.5,4472.1,4471.1,4472.1,94.0
2026-01-08T17:57:00+00:00,MGC,4472.1,4473.0,4472.1,4472.4,132.0
2026-01-08T17:58:00+00:00,MGC,4473.0,4473.1,4471.4,4471.8,185.0
2026-01-08T17:59:00+00:00,MGC,4471.9,4473.6,4471.5,4472.9,213.0
2026-01-08T18:00:00+00:00,MGC,4472.8,4472.8,4471.4,4471.7,210.0
2026-01-08T18:01:00+00:00,MGC,4471.6,4471.9,4470.3,4471.1,204.0
2026-01-08T18:02:00+00:00,MGC,4471.0,4471.4,4468.9,4469.1,295.0
2026-01-08T18:03:00+00:00,MGC,4469.0,4469.7,4467.0,4467.2,475.0
2026-01-08T18:04:00+00:00,MGC,4467.0,4468.2,4466.6,4466.9,367.0
2026-01-08T18:05:00+00:00,MGC,4466.9,4467.2,4465.6,4466.1,485.0
2026-01-08T18:06:00+00:00,MGC,4466.1,4467.6,4465.5,4465.5,269.0
2026-01-08T18:07:00+00:00,MGC,4465.5,4466.3,4464.8,4465.5,399.0
2026-01-08T18:08:00+00:00,MGC,4465.2,4465.2,4464.2,4464.3,279.0
2026-01-08T18:09:00+00:00,MGC,4464.1,4465.5,4463.6,4464.8,359.0
2026-01-08T18:10:00+00:00,MGC,4464.8,4464.9,4462.2,4462.5,561.0
2026-01-08T18:11:00+00:00,MGC,4462.7,4464.2,4461.7,4463.3,467.0
2026-01-08T18:12:00+00:00,MGC,4463.3,4463.8,4461.5,4462.9,399.0
2026-01-08T18:13:00+00:00,MGC,4463.1,4463.3,4461.4,4462.7,277.0
2026-01-08T18:14:00+00:00,MGC,4462.5,4464.7,4462.2,4463.2,396.0
2026-01-08T18:15:00+00:00,MGC,4463.0,4465.6,4462.9,4465.3,369.0
2026-01-08T18:16:00+00:00,MGC,4465.2,4466.0,4463.6,4463.8,404.0
2026-01-08T18:17:00+00:00,MGC,4463.8,4465.1,4463.1,4463.5,190.0
2026-01-08T18:18:00+00:00,MGC,4463.4,4464.4,4462.7,4462.7,279.0
2026-01-08T18:19:00+00:00,MGC,4462.9,4463.8,4462.2,4462.2,205.0
2026-01-08T18:20:00+00:00,MGC,4462.2,4463.0,4460.4,4461.5,468.0
2026-01-08T18:21:00+00:00,MGC,4461.3,4463.4,4460.4,4463.1,413.0
2026-01-08T18:22:00+00:00,MGC,4463.2,4463.2,4461.6,4461.7,249.0
2026-01-08T18:23:00+00:00,MGC,4461.6,4463.1,4461.0,4462.4,310.0
2026-01-08T18:24:00+00:00,MGC,4462.3,4464.3,4461.1,4463.7,705.0
2026-01-08T18:25:00+00:00,MGC,4463.6,4465.6,4463.6,4463.9,505.0
2026-01-08T18:26:00+00:00,MGC,4463.8,4463.9,4462.0,4462.5,275.0
2026-01-08T18:27:00+00:00,MGC,4462.4,4463.6,4460.3,4461.0,433.0
2026-01-08T18:28:00+00:00,MGC,4460.9,4461.4,4458.4,4459.2,792.0
2026-01-08T18:29:00+00:00,MGC,4459.2,4462.0,4458.9,4461.6,860.0
2026-01-08T18:30:00+00:00,MGC,4461.2,4462.5,4460.6,4461.1,370.0
2026-01-08T18:31:00+00:00,MGC,4461.1,4462.8,4460.9,4462.4,210.0
2026-01-08T18:32:00+00:00,MGC,4462.2,4462.8,4460.7,4461.3,257.0
2026-01-08T18:33:00+00:00,MGC,4461.3,4462.9,4461.2,4462.7,132.0
2026-01-08T18:34:00+00:00,MGC,4462.6,4463.0,4461.2,4461.2,135.0
2026-01-08T18:35:00+00:00,MGC,4461.1,4461.1,4458.6,4459.2,248.0
2026-01-08T18:36:00+00:00,MGC,4459.0,4459.1,4457.0,4457.6,480.0
2026-01-08T18:37:00+00:00,MGC,4457.7,4458.7,4457.7,4458.6,205.0
2026-01-08T18:38:00+00:00,MGC,4458.5,4459.1,4457.1,4458.9,185.0
2026-01-08T18:39:00+00:00,MGC,4458.9,4459.0,4457.8,4458.3,185.0
2026-01-08T18:40:00+00:00,MGC,4458.5,4459.9,4458.0,4459.4,281.0
2026-01-08T18:41:00+00:00,MGC,4459.4,4459.4,4458.5,4458.7,118.0
2026-01-08T18:42:00+00:00,MGC,4458.8,4460.9,4458.6,4460.8,267.0
2026-01-08T18:43:00+00:00,MGC,4460.9,4461.1,4460.3,4460.4,175.0
2026-01-08T18:44:00+00:00,MGC,4460.6,4461.6,4460.4,4461.6,109.0
2026-01-08T18:45:00+00:00,MGC,4461.6,4462.3,4461.1,4461.7,214.0
2026-01-08T18:46:00+00:00,MGC,4461.6,4462.7,4461.2,4461.5,213.0
2026-01-08T18:47:00+00:00,MGC,4461.6,4463.4,4461.1,4463.4,208.0
2026-01-08T18:48:00+00:00,MGC,4463.3,4464.4,4463.2,4463.8,383.0
2026-01-08T18:49:00+00:00,MGC,4463.8,4463.8,4462.4,4462.9,186.0
2026-01-08T18:50:00+00:00,MGC,4462.7,4463.1,4462.5,4462.8,88.0
2026-01-08T18:51:00+00:00,MGC,4462.8,4462.9,4461.7,4462.7,205.0
2026-01-08T18:52:00+00:00,MGC,4462.8,4462.8,4462.0,4462.3,60.0
2026-01-08T18:53:00+00:00,MGC,4462.1,4462.3,4461.6,4462.2,108.0
2026-01-08T18:54:00+00:00,MGC,4462.0,4462.1,4460.6,4460.9,191.0
2026-01-08T18:55:00+00:00,MGC,4460.8,4461.6,4460.8,4461.2,99.0
2026-01-08T18:56:00+00:00,MGC,4461.2,4461.7,4459.8,4459.9,198.0
2026-01-08T18:57:00+00:00,MGC,4459.9,4460.8,4459.3,4460.2,331.0
2026-01-08T18:58:00+00:00,MGC,4460.1,4460.4,4459.5,4459.5,83.0
2026-01-08T18:59:00+00:00,MGC,4459.5,4459.5,4458.7,4459.0,138.0
2026-01-08T19:00:00+00:00,MGC,4458.8,4459.8,4457.8,4458.0,172.0
2026-01-08T19:01:00+00:00,MGC,4457.9,4460.3,4457.8,4460.2,242.0
2026-01-08T19:02:00+00:00,MGC,4460.0,4460.1,4459.4,4460.0,94.0
2026-01-08T19:03:00+00:00,MGC,4459.8,4460.5,4459.0,4460.2,162.0
2026-01-08T19:04:00+00:00,MGC,4460.3,4460.3,4458.3,4458.8,179.0
2026-01-08T19:05:00+00:00,MGC,4458.5,4459.7,4458.2,4459.3,81.0
2026-01-08T19:06:00+00:00,MGC,4459.2,4459.5,4457.6,4457.8,128.0
2026-01-08T19:07:00+00:00,MGC,4457.8,4457.8,4456.9,4457.6,312.0
2026-01-08T19:08:00+00:00,MGC,4457.5,4457.7,4457.1,4457.3,132.0
2026-01-08T19:09:00+00:00,MGC,4457.1,4457.1,4455.5,4456.0,394.0
2026-01-08T19:10:00+00:00,MGC,4456.2,4457.8,4455.9,4457.7,188.0
2026-01-08T19:11:00+00:00,MGC,4457.7,4457.8,4456.6,4457.0,132.0
2026-01-08T19:12:00+00:00,MGC,4457.0,4458.3,4457.0,4458.2,116.0
2026-01-08T19:13:00+00:00,MGC,4458.1,4458.1,4456.8,4456.8,111.0
2026-01-08T19:14:00+00:00,MGC,4456.8,4457.2,4456.2,4456.5,71.0
2026-01-08T19:15:00+00:00,MGC,4456.4,4456.4,4454.2,4454.7,474.0
2026-01-08T19:16:00+00:00,MGC,4454.6,4455.1,4454.0,4454.5,243.0
2026-01-08T19:17:00+00:00,MGC,4454.5,4455.1,4453.7,4454.8,185.0
2026-01-08T19:18:00+00:00,MGC,4454.9,4456.6,4454.9,4456.6,215.0
2026-01-08T19:19:00+00:00,MGC,4456.7,4457.9,4456.4,4457.8,224.0
2026-01-08T19:20:00+00:00,MGC,4457.8,4458.5,4457.5,4457.7,182.0
2026-01-08T19:21:00+00:00,MGC,4458.0,4458.4,4456.9,4457.1,140.0
2026-01-08T19:22:00+00:00,MGC,4457.1,4457.9,4457.1,4457.7,73.0
2026-01-08T19:23:00+00:00,MGC,4457.7,4458.6,4456.9,4457.5,118.0
2026-01-08T19:24:00+00:00,MGC,4457.5,4458.7,4457.1,4458.3,142.0
2026-01-08T19:25:00+00:00,MGC,4458.2,4459.0,4457.5,4457.8,183.0
2026-01-08T19:26:00+00:00,MGC,4457.7,4458.9,4457.5,4457.7,209.0
2026-01-08T19:27:00+00:00,MGC,4457.7,4457.7,4456.2,4456.5,213.0
2026-01-08T19:28:00+00:00,MGC,4456.5,4456.7,4456.0,4456.1,86.0
2026-01-08T19:29:00+00:00,MGC,4456.1,4457.5,4456.0,4456.8,156.0
2026-01-08T19:30:00+00:00,MGC,4456.8,4457.9,4456.7,4457.6,105.0
2026-01-08T19:31:00+00:00,MGC,4457.8,4458.1,4457.3,4458.1,85.0
2026-01-08T19:32:00+00:00,MGC,4458.1,4458.3,4457.4,4457.6,91.0
2026-01-08T19:33:00+00:00,MGC,4457.6,4459.5,4457.6,4459.1,219.0
2026-01-08T19:34:00+00:00,MGC,4459.0,4460.1,4458.8,4459.9,219.0
2026-01-08T19:35:00+00:00,MGC,4459.8,4461.8,4459.8,4461.2,354.0
2026-01-08T19:36:00+00:00,MGC,4461.4,4461.9,4460.9,4461.3,197.0
2026-01-08T19:37:00+00:00,MGC,4461.3,4461.9,4460.0,4460.0,187.0
2026-01-08T19:38:00+00:00,MGC,4460.0,4460.6,4459.6,4460.1,138.0
2026-01-08T19:39:00+00:00,MGC,4460.1,4460.3,4459.2,4460.1,210.0
2026-01-08T19:40:00+00:00,MGC,4460.1,4460.2,4459.0,4459.5,88.0
2026-01-08T19:41:00+00:00,MGC,4459.4,4460.9,4458.8,4459.8,247.0
2026-01-08T19:42:00+00:00,MGC,4459.9,4459.9,4458.3,4459.1,155.0
2026-01-08T19:43:00+00:00,MGC,4459.5,4460.7,4459.4,4460.4,99.0
2026-01-08T19:44:00+00:00,MGC,4460.5,4460.8,4459.5,4460.5,157.0
2026-01-08T19:45:00+00:00,MGC,4460.5,4460.9,4460.3,4460.5,78.0
2026-01-08T19:46:00+00:00,MGC,4460.4,4461.2,4460.2,4461.0,129.0
2026-01-08T19:47:00+00:00,MGC,4461.3,4461.8,4460.6,4460.7,195.0
2026-01-08T19:48:00+00:00,MGC,4460.7,4460.9,4460.2,4460.7,79.0
2026-01-08T19:49:00+00:00,MGC,4460.7,4461.1,4459.9,4460.3,120.0
2026-01-08T19:50:00+00:00,MGC,4460.2,4460.4,4458.5,4458.7,234.0
2026-01-08T19:51:00+00:00,MGC,4458.6,4459.4,4458.4,4459.4,124.0
2026-01-08T19:52:00+00:00,MGC,4459.4,4460.7,4459.3,4460.5,124.0
2026-01-08T19:53:00+00:00,MGC,4460.4,4461.0,4460.0,4460.3,87.0
2026-01-08T19:54:00+00:00,MGC,4460.3,4460.8,4459.8,4460.6,64.0
2026-01-08T19:55:00+00:00,MGC,4460.4,4460.5,4459.7,4459.7,83.0
2026-01-08T19:56:00+00:00,MGC,4459.8,4459.8,4458.9,4459.2,96.0
2026-01-08T19:57:00+00:00,MGC,4459.2,4459.3,4458.8,4459.1,83.0
2026-01-08T19:58:00+00:00,MGC,4458.7,4459.9,4458.5,4459.4,93.0
2026-01-08T19:59:00+00:00,MGC,4459.6,4461.3,4459.6,4461.0,140.0
2026-01-08T20:00:00+00:00,MGC,4460.8,4462.7,4460.2,4462.5,263.0
2026-01-08T20:01:00+00:00,MGC,4462.6,4464.9,4462.5,4464.1,537.0
2026-01-08T20:02:00+00:00,MGC,4464.0,4465.2,4463.7,4465.2,254.0
2026-01-08T20:03:00+00:00,MGC,4465.0,4466.5,4465.0,4466.0,364.0
2026-01-08T20:04:00+00:00,MGC,4466.0,4467.2,4465.6,4467.0,240.0
2026-01-08T20:05:00+00:00,MGC,4467.0,4467.2,4466.4,4467.0,206.0
2026-01-08T20:06:00+00:00,MGC,4467.0,4467.0,4465.0,4465.3,343.0
2026-01-08T20:07:00+00:00,MGC,4465.1,4466.2,4464.4,4465.8,151.0
2026-01-08T20:08:00+00:00,MGC,4466.0,4467.3,4465.9,4466.8,136.0
2026-01-08T20:09:00+00:00,MGC,4466.7,4467.1,4465.0,4465.7,314.0
2026-01-08T20:10:00+00:00,MGC,4465.8,4467.1,4465.8,4466.5,145.0
2026-01-08T20:11:00+00:00,MGC,4466.7,4467.0,4466.1,4466.7,87.0
2026-01-08T20:12:00+00:00,MGC,4466.8,4467.5,4466.6,4466.7,86.0
2026-01-08T20:13:00+00:00,MGC,4466.5,4467.8,4466.3,4467.7,268.0
2026-01-08T20:14:00+00:00,MGC,4467.7,4467.8,4466.8,4467.0,104.0
2026-01-08T20:15:00+00:00,MGC,4467.0,4467.3,4466.4,4467.0,127.0
2026-01-08T20:16:00+00:00,MGC,4466.9,4467.1,4465.9,4466.5,117.0
2026-01-08T20:17:00+00:00,MGC,4466.6,4467.6,4466.1,4467.6,112.0
2026-01-08T20:18:00+00:00,MGC,4467.5,4468.5,4467.4,4468.1,296.0
2026-01-08T20:19:00+00:00,MGC,4468.3,4468.9,4467.7,4468.2,230.0
2026-01-08T20:20:00+00:00,MGC,4468.1,4468.3,4467.4,4468.1,118.0
2026-01-08T20:21:00+00:00,MGC,4467.9,4471.4,4467.8,4471.3,521.0
2026-01-08T20:22:00+00:00,MGC,4471.2,4472.5,4471.0,4472.5,404.0
2026-01-08T20:23:00+00:00,MGC,4472.4,4473.8,4472.4,4473.4,464.0
2026-01-08T20:24:00+00:00,MGC,4473.6,4473.9,4472.1,4473.5,301.0
2026-01-08T20:25:00+00:00,MGC,4473.5,4476.6,4473.2,4476.4,956.0
2026-01-08T20:26:00+00:00,MGC,4476.5,4477.6,4476.2,4477.5,550.0
2026-01-08T20:27:00+00:00,MGC,4477.6,4482.2,4477.5,4480.9,1301.0
2026-01-08T20:28:00+00:00,MGC,4480.9,4482.5,4479.0,4480.0,1036.0
2026-01-08T20:29:00+00:00,MGC,4480.2,4480.7,4478.7,4479.0,613.0
2026-01-08T20:30:00+00:00,MGC,4479.3,4484.4,4479.3,4484.1,1087.0
2026-01-08T20:31:00+00:00,MGC,4484.1,4485.5,4482.9,4484.4,748.0
2026-01-08T20:32:00+00:00,MGC,4484.4,4485.1,4484.1,4484.3,400.0
2026-01-08T20:33:00+00:00,MGC,4484.4,4486.7,4483.2,4486.3,661.0
2026-01-08T20:34:00+00:00,MGC,4486.4,4487.0,4484.5,4485.6,655.0
2026-01-08T20:35:00+00:00,MGC,4485.7,4487.6,4485.4,4486.2,526.0
2026-01-08T20:36:00+00:00,MGC,4486.3,4487.7,4485.2,4487.0,499.0
2026-01-08T20:37:00+00:00,MGC,4487.1,4487.6,4485.5,4486.2,461.0
2026-01-08T20:38:00+00:00,MGC,4486.5,4487.6,4484.5,4484.6,573.0
2026-01-08T20:39:00+00:00,MGC,4484.6,4484.8,4482.5,4483.2,635.0
2026-01-08T20:40:00+00:00,MGC,4483.3,4485.0,4481.8,4482.2,558.0
2026-01-08T20:41:00+00:00,MGC,4482.4,4483.4,4482.0,4482.8,319.0
2026-01-08T20:42:00+00:00,MGC,4482.9,4483.8,4482.3,4482.6,174.0
2026-01-08T20:43:00+00:00,MGC,4482.6,4483.5,4481.8,4482.7,221.0
2026-01-08T20:44:00+00:00,MGC,4482.8,4483.0,4481.4,4482.8,215.0
2026-01-08T20:45:00+00:00,MGC,4483.0,4484.4,4482.5,4482.7,322.0
2026-01-08T20:46:00+00:00,MGC,4482.5,4483.9,4481.0,4483.8,368.0
2026-01-08T20:47:00+00:00,MGC,4483.6,4483.6,4482.1,4483.2,159.0
2026-01-08T20:48:00+00:00,MGC,4483.6,4483.9,4481.8,4483.7,191.0
2026-01-08T20:49:00+00:00,MGC,4483.8,4486.6,4483.5,4486.5,426.0
2026-01-08T20:50:00+00:00,MGC,4486.3,4486.4,4484.3,4485.7,303.0
2026-01-08T20:51:00+00:00,MGC,4485.8,4487.4,4484.8,4485.4,392.0
2026-01-08T20:52:00+00:00,MGC,4485.9,4486.0,4484.3,4484.5,239.0
2026-01-08T20:53:00+00:00,MGC,4484.4,4485.7,4483.8,4485.1,293.0
2026-01-08T20:54:00+00:00,MGC,4484.8,4485.3,4483.5,4483.5,222.0
2026-01-08T20:55:00+00:00,MGC,4483.3,4485.4,4482.9,4485.3,298.0
2026-01-08T20:56:00+00:00,MGC,4485.4,4486.0,4484.8,4485.2,212.0
2026-01-08T20:57:00+00:00,MGC,4485.2,4486.1,4484.4,4485.4,154.0
2026-01-08T20:58:00+00:00,MGC,4485.4,4486.5,4484.8,4486.3,246.0
2026-01-08T20:59:00+00:00,MGC,4486.5,4486.7,4484.8,4485.1,364.0
2026-01-08T21:00:00+00:00,MGC,4485.2,4488.6,4485.0,4486.9,672.0
2026-01-08T21:01:00+00:00,MGC,4486.8,4487.8,4486.2,4486.9,196.0
2026-01-08T21:02:00+00:00,MGC,4486.9,4488.2,4486.8,4488.2,112.0
2026-01-08T21:03:00+00:00,MGC,4488.1,4488.6,4486.4,4488.0,273.0
2026-01-08T21:04:00+00:00,MGC,4488.1,4488.3,4487.1,4487.6,187.0
2026-01-08T21:05:00+00:00,MGC,4487.6,4488.1,4486.5,4486.7,168.0
2026-01-08T21:06:00+00:00,MGC,4486.7,4487.3,4486.7,4487.0,90.0
2026-01-08T21:07:00+00:00,MGC,4487.0,4487.8,4486.6,4487.8,161.0
2026-01-08T21:08:00+00:00,MGC,4487.7,4488.3,4486.3,4487.0,191.0
2026-01-08T21:09:00+00:00,MGC,4487.2,4488.6,4487.0,4488.6,119.0
2026-01-08T21:10:00+00:00,MGC,4488.5,4489.1,4487.4,4487.9,184.0
2026-01-08T21:11:00+00:00,MGC,4488.0,4488.5,4486.6,4487.0,172.0
2026-01-09T04:03:00+00:00,MGC,4472.3,4472.6,4471.6,4472.6,171.0
2026-01-09T04:04:00+00:00,MGC,4472.3,4472.8,4471.9,4472.6,82.0
2026-01-09T04:05:00+00:00,MGC,4472.6,4473.3,4472.6,4472.8,82.0
2026-01-09T04:06:00+00:00,MGC,4472.7,4473.4,4472.6,4473.4,70.0
2026-01-09T04:07:00+00:00,MGC,4473.4,4473.8,4472.9,4473.6,101.0
2026-01-09T04:08:00+00:00,MGC,4473.6,4474.5,4473.6,4474.5,172.0
2026-01-09T04:09:00+00:00,MGC,4474.4,4474.5,4473.0,4474.3,90.0
2026-01-09T04:10:00+00:00,MGC,4474.2,4474.5,4473.8,4473.8,84.0
2026-01-09T04:11:00+00:00,MGC,4473.7,4474.1,4473.4,4473.4,49.0
2026-01-09T04:12:00+00:00,MGC,4473.5,4473.7,4472.4,4472.7,93.0
2026-01-09T04:13:00+00:00,MGC,4472.7,4473.0,4472.6,4472.8,28.0
2026-01-09T04:14:00+00:00,MGC,4472.9,4473.0,4471.1,4471.4,228.0
2026-01-09T04:15:00+00:00,MGC,4471.3,4471.7,4470.6,4470.7,174.0
2026-01-09T04:16:00+00:00,MGC,4470.7,4472.5,4470.6,4471.7,127.0
2026-01-09T04:17:00+00:00,MGC,4471.7,4471.7,4470.0,4470.5,139.0
2026-01-09T04:18:00+00:00,MGC,4470.5,4470.6,4469.5,4470.5,134.0
2026-01-09T04:19:00+00:00,MGC,4470.5,4470.7,4469.8,4470.0,74.0
2026-01-09T04:20:00+00:00,MGC,4469.8,4470.8,4469.6,4470.5,110.0
2026-01-09T04:21:00+00:00,MGC,4470.7,4471.9,4470.5,4471.6,171.0
2026-01-09T04:22:00+00:00,MGC,4471.7,4473.0,4471.3,4472.6,175.0
2026-01-09T04:23:00+00:00,MGC,4472.7,4472.8,4472.0,4472.4,87.0
2026-01-09T04:24:00+00:00,MGC,4472.5,4472.7,4472.1,4472.7,43.0
2026-01-09T04:25:00+00:00,MGC,4472.7,4472.8,4472.0,4472.3,97.0
2026-01-09T04:26:00+00:00,MGC,4472.3,4472.5,4472.0,4472.0,43.0
2026-01-09T04:27:00+00:00,MGC,4471.9,4472.2,4471.5,4472.1,99.0
2026-01-09T04:28:00+00:00,MGC,4472.0,4472.5,4472.0,4472.3,53.0
2026-01-09T04:29:00+00:00,MGC,4472.5,4472.5,4471.5,4471.6,133.0
2026-01-09T04:30:00+00:00,MGC,4471.5,4471.6,4470.6,4470.6,149.0
2026-01-09T04:31:00+00:00,MGC,4470.6,4472.9,4470.6,4472.3,175.0
2026-01-09T04:32:00+00:00,MGC,4472.3,4472.5,4472.1,4472.1,42.0
2026-01-09T04:33:00+00:00,MGC,4472.2,4472.5,4471.0,4471.1,71.0
2026-01-09T04:34:00+00:00,MGC,4470.9,4472.3,4470.9,4472.1,76.0
2026-01-09T04:35:00+00:00,MGC,4472.2,4473.3,4471.7,4472.1,231.0
2026-01-09T04:36:00+00:00,MGC,4472.1,4472.7,4471.3,4471.4,147.0
2026-01-09T04:37:00+00:00,MGC,4471.4,4471.8,4470.0,4470.8,160.0
2026-01-09T04:38:00+00:00,MGC,4470.9,4471.5,4470.6,4470.8,90.0
2026-01-09T04:39:00+00:00,MGC,4471.0,4471.0,4470.4,4470.6,69.0
2026-01-09T04:40:00+00:00,MGC,4470.5,4472.0,4470.5,4471.9,107.0
2026-01-09T04:41:00+00:00,MGC,4471.7,4472.8,4471.3,4472.6,144.0
2026-01-09T04:42:00+00:00,MGC,4472.8,4473.7,4472.3,4472.7,158.0
2026-01-09T04:43:00+00:00,MGC,4472.8,4472.9,4471.9,4472.4,100.0
2026-01-09T04:44:00+00:00,MGC,4472.3,4472.3,4471.6,4472.0,50.0
2026-01-09T04:45:00+00:00,MGC,4472.1,4472.2,4471.2,4471.3,75.0
2026-01-09T04:46:00+00:00,MGC,4471.2,4471.7,4471.1,4471.4,46.0
2026-01-09T04:47:00+00:00,MGC,4471.4,4471.9,4471.3,4471.8,44.0
2026-01-09T04:48:00+00:00,MGC,4471.8,4471.8,4471.0,4471.3,105.0
2026-01-09T04:49:00+00:00,MGC,4471.4,4472.0,4471.2,4472.0,107.0
2026-01-09T04:50:00+00:00,MGC,4471.8,4472.1,4471.3,4471.8,115.0
2026-01-09T04:51:00+00:00,MGC,4471.8,4472.0,4470.7,4471.2,186.0
2026-01-09T04:52:00+00:00,MGC,4471.1,4471.4,4470.9,4471.2,42.0
2026-01-09T04:53:00+00:00,MGC,4471.0,4473.3,4471.0,4473.1,136.0
2026-01-09T04:54:00+00:00,MGC,4472.9,4473.9,4472.8,4473.3,188.0
2026-01-09T04:55:00+00:00,MGC,4473.2,4473.8,4473.0,4473.4,60.0
2026-01-09T04:56:00+00:00,MGC,4473.4,4474.9,4473.4,4474.8,227.0
2026-01-09T04:57:00+00:00,MGC,4474.9,4475.8,4474.9,4475.3,283.0
2026-01-09T04:58:00+00:00,MGC,4475.2,4475.2,4474.4,4474.5,130.0
2026-01-09T04:59:00+00:00,MGC,4474.4,4474.7,4473.3,4473.4,154.0
2026-01-09T05:00:00+00:00,MGC,4473.4,4473.8,4472.7,4473.8,197.0
2026-01-09T05:01:00+00:00,MGC,4473.9,4474.8,4473.7,4474.7,214.0
2026-01-09T05:02:00+00:00,MGC,4474.6,4475.7,4474.6,4474.9,184.0
2026-01-09T05:03:00+00:00,MGC,4475.0,4475.0,4473.1,4473.2,162.0
2026-01-09T05:04:00+00:00,MGC,4473.1,4474.1,4473.1,4474.0,64.0
2026-01-09T05:05:00+00:00,MGC,4474.1,4474.6,4473.4,4474.5,76.0
2026-01-09T05:06:00+00:00,MGC,4474.6,4474.6,4473.1,4473.2,92.0
2026-01-09T05:07:00+00:00,MGC,4473.2,4473.4,4472.7,4472.8,78.0
2026-01-09T05:08:00+00:00,MGC,4473.0,4473.2,4471.7,4472.0,180.0
2026-01-09T05:09:00+00:00,MGC,4471.9,4472.7,4471.8,4472.3,77.0
2026-01-09T05:10:00+00:00,MGC,4472.0,4472.7,4471.8,4471.9,82.0
2026-01-09T05:11:00+00:00,MGC,4471.8,4471.8,4470.6,4471.0,263.0
2026-01-09T05:12:00+00:00,MGC,4471.1,4471.9,4470.4,4471.5,144.0
2026-01-09T05:13:00+00:00,MGC,4471.4,4472.8,4471.1,4472.3,141.0
2026-01-09T05:14:00+00:00,MGC,4472.3,4472.4,4471.9,4472.0,28.0
2026-01-09T05:15:00+00:00,MGC,4472.0,4472.0,4470.1,4470.6,217.0
2026-01-09T05:16:00+00:00,MGC,4470.3,4470.8,4468.4,4469.7,780.0
2026-01-09T05:17:00+00:00,MGC,4469.7,4470.9,4469.0,4470.9,304.0
2026-01-09T05:18:00+00:00,MGC,4470.8,4472.2,4469.6,4472.1,310.0
2026-01-09T05:19:00+00:00,MGC,4471.7,4472.8,4471.5,4472.7,125.0
2026-01-09T05:20:00+00:00,MGC,4472.6,4472.8,4471.9,4472.2,187.0
2026-01-09T05:21:00+00:00,MGC,4472.5,4472.8,4470.9,4471.0,145.0
2026-01-09T05:22:00+00:00,MGC,4471.2,4471.5,4470.6,4470.7,113.0
2026-01-09T05:23:00+00:00,MGC,4470.6,4471.2,4467.5,4468.7,544.0
2026-01-09T05:24:00+00:00,MGC,4468.5,4468.5,4466.8,4467.5,477.0
2026-01-09T05:25:00+00:00,MGC,4467.5,4470.5,4467.4,4470.3,304.0
2026-01-09T05:26:00+00:00,MGC,4470.3,4471.1,4469.7,4470.9,168.0
2026-01-09T05:27:00+00:00,MGC,4471.0,4472.7,4470.7,4472.5,177.0
2026-01-09T05:28:00+00:00,MGC,4472.3,4473.1,4472.1,4472.9,164.0
2026-01-09T05:29:00+00:00,MGC,4473.0,4473.8,4473.0,4473.6,135.0
2026-01-09T05:30:00+00:00,MGC,4473.6,4477.2,4472.9,4476.6,954.0
2026-01-09T05:31:00+00:00,MGC,4476.8,4478.3,4476.3,4477.3,417.0
2026-01-09T05:32:00+00:00,MGC,4477.5,4478.9,4476.8,4478.5,326.0
2026-01-09T05:33:00+00:00,MGC,4478.5,4478.6,4477.3,4478.0,168.0
2026-01-09T05:34:00+00:00,MGC,4478.1,4479.8,4477.5,4479.5,305.0
2026-01-09T05:35:00+00:00,MGC,4479.8,4480.6,4478.9,4480.0,301.0
2026-01-09T05:36:00+00:00,MGC,4480.0,4480.0,4477.5,4477.7,243.0
2026-01-09T05:37:00+00:00,MGC,4477.8,4478.2,4477.0,4477.7,160.0
2026-01-09T05:38:00+00:00,MGC,4477.7,4479.0,4477.2,4477.9,168.0
2026-01-09T05:39:00+00:00,MGC,4478.1,4479.1,4477.2,4479.1,161.0
2026-01-09T05:40:00+00:00,MGC,4478.9,4479.7,4477.6,4478.1,186.0
2026-01-09T05:41:00+00:00,MGC,4477.8,4478.5,4477.5,4478.2,94.0
2026-01-09T05:42:00+00:00,MGC,4478.4,4478.4,4475.8,4476.9,237.0
2026-01-09T05:43:00+00:00,MGC,4476.7,4477.3,4476.2,4476.6,109.0
2026-01-09T05:44:00+00:00,MGC,4476.7,4477.1,4474.8,4476.0,302.0
2026-01-09T05:45:00+00:00,MGC,4476.0,4477.0,4476.0,4476.7,143.0
2026-01-09T05:46:00+00:00,MGC,4476.9,4477.5,4474.8,4475.2,275.0
2026-01-09T05:47:00+00:00,MGC,4475.1,4475.3,4474.0,4475.0,206.0
2026-01-09T05:48:00+00:00,MGC,4475.3,4475.8,4474.5,4474.8,104.0
2026-01-09T05:49:00+00:00,MGC,4474.9,4475.2,4474.5,4474.6,61.0
2026-01-09T05:50:00+00:00,MGC,4474.9,4475.7,4474.4,4475.4,126.0
2026-01-09T05:51:00+00:00,MGC,4475.4,4477.0,4475.2,4477.0,250.0
2026-01-09T05:52:00+00:00,MGC,4476.8,4477.2,4476.3,4476.7,171.0
2026-01-09T05:53:00+00:00,MGC,4476.6,4477.0,4475.8,4475.9,111.0
2026-01-09T05:54:00+00:00,MGC,4475.9,4477.2,4475.9,4476.6,147.0
2026-01-09T05:55:00+00:00,MGC,4476.3,4477.3,4475.3,4475.9,338.0
2026-01-09T05:56:00+00:00,MGC,4475.8,4476.7,4475.1,4476.5,179.0
2026-01-09T05:57:00+00:00,MGC,4476.8,4477.2,4475.8,4476.1,167.0
2026-01-09T05:58:00+00:00,MGC,4476.3,4477.2,4476.0,4476.3,194.0
2026-01-09T05:59:00+00:00,MGC,4476.5,4478.4,4476.5,4477.0,214.0
2026-01-09T06:00:00+00:00,MGC,4477.2,4478.2,4476.4,4477.4,328.0
2026-01-09T06:01:00+00:00,MGC,4477.3,4479.9,4477.2,4478.9,419.0
2026-01-09T06:02:00+00:00,MGC,4478.7,4478.8,4477.8,4478.4,95.0
2026-01-09T06:03:00+00:00,MGC,4478.6,4479.6,4477.4,4479.5,160.0
2026-01-09T06:04:00+00:00,MGC,4479.5,4479.8,4478.4,4479.0,145.0
2026-01-09T06:05:00+00:00,MGC,4478.8,4479.5,4477.3,4477.5,262.0
2026-01-09T06:06:00+00:00,MGC,4477.4,4477.7,4476.1,4476.2,220.0
2026-01-09T06:07:00+00:00,MGC,4476.0,4476.0,4474.6,4474.8,222.0
2026-01-09T06:08:00+00:00,MGC,4474.8,4476.3,4474.6,4476.1,139.0
2026-01-09T06:09:00+00:00,MGC,4476.3,4476.6,4475.8,4476.2,118.0
2026-01-09T06:10:00+00:00,MGC,4476.2,4477.2,4475.9,4476.3,191.0
2026-01-09T06:11:00+00:00,MGC,4476.4,4476.9,4475.3,4475.5,135.0
2026-01-09T06:12:00+00:00,MGC,4475.2,4476.2,4475.0,4476.1,184.0
2026-01-09T06:13:00+00:00,MGC,4476.2,4476.2,4474.6,4475.3,118.0
2026-01-09T06:14:00+00:00,MGC,4475.4,4475.8,4474.4,4475.8,119.0
2026-01-09T06:15:00+00:00,MGC,4475.9,4476.0,4474.5,4475.5,103.0
2026-01-09T06:16:00+00:00,MGC,4475.7,4477.6,4475.6,4477.5,174.0
2026-01-09T06:17:00+00:00,MGC,4477.3,4478.5,4476.8,4477.6,175.0
2026-01-09T06:18:00+00:00,MGC,4477.5,4477.6,4475.0,4475.5,269.0
2026-01-09T06:19:00+00:00,MGC,4475.8,4476.8,4475.8,4476.4,80.0
2026-01-09T06:20:00+00:00,MGC,4476.9,4477.6,4475.8,4476.2,158.0
2026-01-09T06:21:00+00:00,MGC,4476.3,4476.3,4475.4,4475.4,107.0
2026-01-09T06:22:00+00:00,MGC,4475.5,4476.1,4475.2,4475.3,69.0
2026-01-09T06:23:00+00:00,MGC,4475.5,4475.5,4474.8,4475.4,66.0
2026-01-09T06:24:00+00:00,MGC,4475.4,4476.8,4475.0,4476.7,91.0
2026-01-09T06:25:00+00:00,MGC,4476.5,4479.3,4476.5,4479.2,251.0
2026-01-09T06:26:00+00:00,MGC,4479.2,4480.1,4478.6,4479.8,274.0
2026-01-09T06:27:00+00:00,MGC,4479.8,4481.2,4479.7,4480.3,289.0
2026-01-09T06:28:00+00:00,MGC,4480.3,4481.8,4480.3,4481.4,204.0
2026-01-09T06:29:00+00:00,MGC,4481.4,4482.5,4480.9,4482.5,202.0
2026-01-09T06:30:00+00:00,MGC,4482.3,4483.7,4482.2,4483.1,411.0
2026-01-09T06:31:00+00:00,MGC,4483.2,4483.4,4481.7,4482.7,297.0
2026-01-09T06:32:00+00:00,MGC,4482.9,4483.1,4482.2,4482.8,134.0
2026-01-09T06:33:00+00:00,MGC,4482.7,4483.4,4482.0,4483.2,198.0
2026-01-09T06:34:00+00:00,MGC,4483.1,4484.3,4482.6,4483.4,303.0
2026-01-09T06:35:00+00:00,MGC,4483.6,4483.9,4482.1,4483.4,202.0
2026-01-09T06:36:00+00:00,MGC,4483.4,4484.8,4483.3,4483.8,260.0
2026-01-09T06:37:00+00:00,MGC,4483.5,4483.6,4483.0,4483.3,112.0
2026-01-09T06:38:00+00:00,MGC,4483.3,4483.8,4482.6,4483.1,173.0
2026-01-09T06:39:00+00:00,MGC,4483.1,4484.3,4483.0,4484.1,137.0
2026-01-09T06:40:00+00:00,MGC,4484.0,4484.0,4483.0,4483.4,185.0
2026-01-09T06:41:00+00:00,MGC,4483.4,4484.4,4483.4,4483.8,198.0
2026-01-09T06:42:00+00:00,MGC,4483.8,4484.5,4483.7,4483.8,105.0
2026-01-09T06:43:00+00:00,MGC,4483.8,4483.9,4482.9,4483.8,101.0
2026-01-09T06:44:00+00:00,MGC,4483.8,4484.4,4483.1,4483.9,116.0
2026-01-09T06:45:00+00:00,MGC,4483.9,4484.7,4483.8,4484.3,181.0
2026-01-09T06:46:00+00:00,MGC,4484.4,4485.3,4483.8,4483.9,292.0
2026-01-09T06:47:00+00:00,MGC,4483.9,4484.9,4483.4,4484.5,241.0
2026-01-09T06:48:00+00:00,MGC,4484.7,4486.3,4483.5,4484.2,413.0
2026-01-09T06:49:00+00:00,MGC,4484.1,4485.1,4483.7,4484.0,254.0
2026-01-09T06:50:00+00:00,MGC,4484.1,4484.4,4482.5,4483.9,302.0
2026-01-09T06:51:00+00:00,MGC,4483.9,4483.9,4482.7,4483.5,189.0
2026-01-09T06:52:00+00:00,MGC,4483.9,4485.0,4483.6,4484.7,152.0
2026-01-09T06:53:00+00:00,MGC,4484.8,4484.8,4483.1,4483.4,174.0
2026-01-09T06:54:00+00:00,MGC,4483.2,4484.0,4482.6,4483.1,197.0
2026-01-09T06:55:00+00:00,MGC,4483.0,4483.3,4481.5,4483.1,362.0
2026-01-09T06:56:00+00:00,MGC,4482.9,4483.9,4482.2,4483.7,138.0
2026-01-09T06:57:00+00:00,MGC,4483.9,4484.2,4482.3,4482.7,126.0
2026-01-09T06:58:00+00:00,MGC,4482.7,4483.5,4482.7,4483.0,73.0
2026-01-09T06:59:00+00:00,MGC,4483.3,4483.3,4482.0,4483.0,166.0
2026-01-09T07:00:00+00:00,MGC,4483.0,4483.8,4482.5,4483.0,206.0
2026-01-09T07:01:00+00:00,MGC,4483.0,4483.2,4481.3,4481.7,131.0
2026-01-09T07:02:00+00:00,MGC,4481.6,4483.4,4480.4,4483.4,288.0
2026-01-09T07:03:00+00:00,MGC,4483.5,4484.5,4482.6,4482.7,140.0
2026-01-09T07:04:00+00:00,MGC,4482.8,4483.8,4481.9,4483.8,90.0
2026-01-09T07:05:00+00:00,MGC,4483.5,4484.5,4483.1,4483.2,115.0
2026-01-09T07:06:00+00:00,MGC,4483.1,4484.0,4482.5,4483.7,125.0
2026-01-09T07:07:00+00:00,MGC,4483.5,4484.1,4483.4,4484.1,49.0
2026-01-09T07:08:00+00:00,MGC,4483.9,4483.9,4483.0,4483.7,77.0
2026-01-09T07:09:00+00:00,MGC,4483.9,4484.1,4483.4,4483.9,66.0
2026-01-09T07:10:00+00:00,MGC,4483.7,4483.7,4482.4,4482.4,55.0
2026-01-09T07:11:00+00:00,MGC,4482.4,4482.6,4481.9,4482.1,87.0
2026-01-09T07:12:00+00:00,MGC,4481.9,4482.2,4481.6,4481.8,128.0
2026-01-09T07:13:00+00:00,MGC,4481.9,4481.9,4480.7,4480.8,106.0
2026-01-09T07:14:00+00:00,MGC,4480.7,4480.8,4479.7,4480.4,197.0
2026-01-09T07:15:00+00:00,MGC,4480.5,4481.5,4480.2,4481.2,144.0
2026-01-09T07:16:00+00:00,MGC,4481.0,4481.6,4480.3,4481.2,97.0
2026-01-09T07:17:00+00:00,MGC,4481.0,4481.8,4480.8,4481.0,90.0
2026-01-09T07:18:00+00:00,MGC,4481.2,4481.6,4479.6,4481.6,157.0
2026-01-09T07:19:00+00:00,MGC,4481.8,4482.1,4481.4,4481.5,78.0
2026-01-09T07:20:00+00:00,MGC,4481.5,4481.8,4480.7,4480.7,69.0
2026-01-09T07:21:00+00:00,MGC,4480.8,4481.5,4479.8,4481.0,159.0
2026-01-09T07:22:00+00:00,MGC,4481.2,4481.5,4480.9,4481.0,72.0
2026-01-09T07:23:00+00:00,MGC,4481.2,4481.3,4480.4,4480.9,57.0
2026-01-09T07:24:00+00:00,MGC,4480.8,4480.8,4478.6,4479.5,209.0
2026-01-09T07:25:00+00:00,MGC,4479.5,4479.5,4478.0,4478.3,147.0
2026-01-09T07:26:00+00:00,MGC,4478.3,4478.6,4477.6,4478.4,203.0
2026-01-09T07:27:00+00:00,MGC,4478.6,4480.1,4478.3,4479.4,168.0
2026-01-09T07:28:00+00:00,MGC,4479.6,4480.3,4479.3,4480.0,99.0
2026-01-09T07:29:00+00:00,MGC,4480.1,4480.1,4478.9,4479.4,135.0
2026-01-09T07:30:00+00:00,MGC,4479.3,4480.4,4478.5,4480.2,105.0
2026-01-09T07:31:00+00:00,MGC,4480.1,4480.5,4479.7,4480.1,88.0
2026-01-09T07:32:00+00:00,MGC,4480.2,4480.5,4479.9,4480.3,53.0
2026-01-09T07:33:00+00:00,MGC,4480.2,4480.3,4478.4,4478.4,74.0
2026-01-09T07:34:00+00:00,MGC,4478.4,4478.6,4477.8,4478.4,95.0
2026-01-09T07:35:00+00:00,MGC,4478.4,4479.0,4477.1,4478.6,214.0
2026-01-09T07:36:00+00:00,MGC,4478.7,4479.4,4478.5,4479.4,100.0
2026-01-09T07:37:00+00:00,MGC,4479.5,4481.0,4479.5,4480.8,139.0
2026-01-09T07:38:00+00:00,MGC,4480.7,4480.9,4480.0,4480.9,82.0
2026-01-09T07:39:00+00:00,MGC,4480.9,4481.4,4480.3,4480.8,144.0
2026-01-09T07:40:00+00:00,MGC,4481.0,4481.7,4480.0,4480.1,117.0
2026-01-09T07:41:00+00:00,MGC,4480.0,4480.7,4479.9,4480.4,103.0
2026-01-09T07:42:00+00:00,MGC,4480.4,4481.5,4480.4,4480.9,120.0
2026-01-09T07:43:00+00:00,MGC,4480.7,4481.9,4480.6,4481.3,134.0
2026-01-09T07:44:00+00:00,MGC,4481.2,4481.3,4480.1,4480.6,131.0
2026-01-09T07:45:00+00:00,MGC,4480.5,4481.1,4480.1,4480.6,166.0
2026-01-09T07:46:00+00:00,MGC,4480.8,4481.5,4479.7,4481.5,140.0
2026-01-09T07:47:00+00:00,MGC,4481.4,4482.0,4481.3,4481.3,107.0
2026-01-09T07:48:00+00:00,MGC,4481.3,4481.4,4480.0,4480.4,94.0
2026-01-09T07:49:00+00:00,MGC,4480.4,4480.9,4480.3,4480.8,113.0
2026-01-09T07:50:00+00:00,MGC,4480.9,4481.7,4480.7,4481.3,88.0
2026-01-09T07:51:00+00:00,MGC,4481.1,4481.3,4478.3,4480.2,252.0
2026-01-09T07:52:00+00:00,MGC,4480.0,4482.0,4479.8,4481.8,153.0
2026-01-09T07:53:00+00:00,MGC,4481.6,4482.4,4481.2,4481.7,92.0
2026-01-09T07:54:00+00:00,MGC,4481.7,4481.8,4480.6,4480.8,50.0
2026-01-09T07:55:00+00:00,MGC,4480.9,4481.3,4480.2,4480.7,56.0
2026-01-09T07:56:00+00:00,MGC,4480.6,4481.0,4480.3,4480.5,79.0
2026-01-09T07:57:00+00:00,MGC,4480.6,4480.8,4479.0,4479.5,96.0
2026-01-09T07:58:00+00:00,MGC,4479.1,4479.7,4478.1,4479.2,194.0
2026-01-09T07:59:00+00:00,MGC,4479.2,4479.4,4478.3,4479.1,112.0
2026-01-09T08:00:00+00:00,MGC,4478.5,4479.6,4478.0,4479.5,214.0
2026-01-09T08:01:00+00:00,MGC,4479.8,4480.7,4477.6,4477.9,153.0
2026-01-09T08:02:00+00:00,MGC,4477.9,4478.0,4475.1,4476.4,483.0
2026-01-09T08:03:00+00:00,MGC,4476.6,4479.4,4476.6,4478.6,219.0
2026-01-09T08:04:00+00:00,MGC,4478.5,4479.5,4477.9,4478.1,115.0
2026-01-09T08:05:00+00:00,MGC,4478.1,4482.9,4477.8,4482.8,390.0
2026-01-09T08:06:00+00:00,MGC,4482.6,4483.9,4482.2,4483.6,423.0
2026-01-09T08:07:00+00:00,MGC,4483.6,4485.3,4483.6,4485.0,311.0
2026-01-09T08:08:00+00:00,MGC,4485.2,4485.6,4482.8,4482.8,291.0
2026-01-09T08:09:00+00:00,MGC,4482.9,4483.4,4482.4,4482.8,190.0
2026-01-09T08:10:00+00:00,MGC,4482.9,4484.5,4482.3,4483.5,196.0
2026-01-09T08:11:00+00:00,MGC,4483.8,4484.5,4483.2,4484.1,151.0
2026-01-09T08:12:00+00:00,MGC,4484.4,4484.4,4483.2,4483.9,172.0
2026-01-09T08:13:00+00:00,MGC,4484.1,4485.9,4483.4,4483.6,252.0
2026-01-09T08:14:00+00:00,MGC,4483.6,4483.7,4482.3,4483.3,212.0
2026-01-09T08:15:00+00:00,MGC,4483.3,4483.8,4481.5,4482.9,185.0
2026-01-09T08:16:00+00:00,MGC,4482.7,4482.8,4481.8,4482.6,83.0
2026-01-09T08:17:00+00:00,MGC,4482.2,4482.9,4481.8,4482.4,93.0
2026-01-09T08:18:00+00:00,MGC,4482.3,4482.7,4481.3,4482.6,102.0
2026-01-09T08:19:00+00:00,MGC,4482.6,4483.0,4482.1,4482.8,67.0
2026-01-09T08:20:00+00:00,MGC,4482.7,4483.4,4482.1,4483.1,124.0
2026-01-09T08:21:00+00:00,MGC,4482.8,4483.2,4482.5,4483.1,72.0
2026-01-09T08:22:00+00:00,MGC,4482.9,4484.2,4482.1,4483.9,126.0
2026-01-09T08:23:00+00:00,MGC,4483.7,4483.7,4483.3,4483.7,52.0
2026-01-09T08:24:00+00:00,MGC,4483.4,4484.3,4482.8,4482.8,129.0
2026-01-09T08:25:00+00:00,MGC,4482.8,4483.7,4482.4,4482.7,106.0
2026-01-09T08:26:00+00:00,MGC,4482.5,4484.0,4482.2,4483.3,97.0
2026-01-09T08:27:00+00:00,MGC,4483.4,4484.1,4482.8,4482.9,55.0
2026-01-09T08:28:00+00:00,MGC,4482.8,4482.9,4482.2,4482.4,42.0
2026-01-09T08:29:00+00:00,MGC,4482.6,4482.7,4481.6,4482.1,61.0
2026-01-09T08:30:00+00:00,MGC,4482.2,4482.7,4480.2,4480.8,227.0
2026-01-09T08:31:00+00:00,MGC,4480.9,4481.4,4479.5,4479.8,241.0
2026-01-09T08:32:00+00:00,MGC,4479.7,4481.9,4479.7,4481.2,216.0
2026-01-09T08:33:00+00:00,MGC,4481.1,4481.6,4480.6,4481.4,64.0
2026-01-09T08:34:00+00:00,MGC,4481.3,4481.3,4479.0,4479.1,185.0
2026-01-09T08:35:00+00:00,MGC,4479.2,4479.2,4478.3,4478.5,143.0
2026-01-09T08:36:00+00:00,MGC,4478.4,4478.9,4477.9,4478.2,165.0
2026-01-09T08:37:00+00:00,MGC,4478.3,4478.6,4476.5,4477.5,197.0
2026-01-09T08:38:00+00:00,MGC,4477.7,4478.3,4475.9,4476.4,284.0
2026-01-09T08:39:00+00:00,MGC,4476.5,4477.2,4475.4,4475.5,235.0
2026-01-09T08:40:00+00:00,MGC,4475.3,4475.8,4474.5,4475.2,271.0
2026-01-09T08:41:00+00:00,MGC,4475.2,4476.0,4474.7,4475.4,225.0
2026-01-09T08:42:00+00:00,MGC,4475.2,4476.8,4474.7,4476.4,223.0
2026-01-09T08:43:00+00:00,MGC,4476.5,4477.3,4476.2,4476.8,207.0
2026-01-09T08:44:00+00:00,MGC,4476.9,4477.2,4475.6,4475.8,164.0
2026-01-09T08:45:00+00:00,MGC,4475.8,4477.0,4475.6,4476.2,89.0
2026-01-09T08:46:00+00:00,MGC,4476.3,4476.4,4475.2,4475.2,144.0
2026-01-09T08:47:00+00:00,MGC,4475.2,4475.2,4473.8,4474.3,331.0
2026-01-09T08:48:00+00:00,MGC,4474.2,4475.0,4473.9,4474.9,172.0
2026-01-09T08:49:00+00:00,MGC,4475.0,4476.0,4474.6,4475.9,118.0
2026-01-09T08:50:00+00:00,MGC,4475.7,4475.7,4474.5,4475.2,125.0
2026-01-09T08:51:00+00:00,MGC,4475.1,4475.1,4473.2,4474.1,319.0
2026-01-09T08:52:00+00:00,MGC,4473.8,4474.1,4472.8,4474.1,262.0
2026-01-09T08:53:00+00:00,MGC,4474.0,4474.1,4472.6,4473.1,77.0
2026-01-09T08:54:00+00:00,MGC,4473.1,4476.2,4473.1,4476.1,192.0
2026-01-09T08:55:00+00:00,MGC,4476.1,4477.1,4475.8,4477.0,240.0
2026-01-09T08:56:00+00:00,MGC,4477.0,4477.2,4476.2,4476.8,120.0
2026-01-09T08:57:00+00:00,MGC,4476.7,4477.0,4476.3,4476.3,71.0
2026-01-09T08:58:00+00:00,MGC,4476.2,4476.9,4476.1,4476.5,51.0
2026-01-09T08:59:00+00:00,MGC,4476.7,4477.5,4475.8,4477.1,143.0
2026-01-09T09:00:00+00:00,MGC,4477.1,4478.2,4477.0,4477.9,204.0
2026-01-09T09:01:00+00:00,MGC,4478.0,4478.7,4477.7,4478.0,91.0
2026-01-09T09:02:00+00:00,MGC,4478.1,4479.7,4478.1,4479.4,183.0
2026-01-09T09:03:00+00:00,MGC,4479.5,4479.5,4478.3,4478.9,107.0
2026-01-09T09:04:00+00:00,MGC,4478.9,4479.4,4478.7,4479.1,89.0
2026-01-09T09:05:00+00:00,MGC,4479.3,4480.8,4478.9,4480.6,199.0
2026-01-09T09:06:00+00:00,MGC,4480.5,4481.8,4480.5,4480.9,236.0
2026-01-09T09:07:00+00:00,MGC,4481.1,4481.5,4480.9,4481.4,162.0
2026-01-09T09:08:00+00:00,MGC,4481.4,4481.5,4479.9,4481.2,163.0
2026-01-09T09:09:00+00:00,MGC,4481.4,4481.6,4480.0,4480.0,63.0
2026-01-09T09:10:00+00:00,MGC,4480.0,4482.1,4480.0,4481.2,131.0
2026-01-09T09:11:00+00:00,MGC,4481.3,4482.7,4481.3,4482.6,227.0
2026-01-09T09:12:00+00:00,MGC,4482.5,4483.6,4482.2,4483.1,218.0
2026-01-09T09:13:00+00:00,MGC,4483.2,4483.3,4481.8,4482.8,213.0
2026-01-09T09:14:00+00:00,MGC,4482.8,4483.4,4482.7,4483.3,105.0
2026-01-09T09:15:00+00:00,MGC,4483.3,4483.8,4481.9,4482.2,212.0
2026-01-09T09:16:00+00:00,MGC,4482.2,4482.9,4481.8,4481.8,120.0
2026-01-09T09:17:00+00:00,MGC,4481.8,4482.8,4481.6,4482.8,101.0
2026-01-09T09:18:00+00:00,MGC,4482.8,4485.1,4482.8,4485.1,278.0
2026-01-09T09:19:00+00:00,MGC,4485.1,4485.2,4484.3,4484.6,219.0
2026-01-09T09:20:00+00:00,MGC,4484.7,4486.4,4484.5,4484.6,399.0
2026-01-09T09:21:00+00:00,MGC,4484.8,4485.7,4484.7,4485.3,135.0
2026-01-09T09:22:00+00:00,MGC,4485.2,4485.4,4484.4,4485.1,124.0
2026-01-09T09:23:00+00:00,MGC,4485.1,4485.1,4483.7,4483.9,142.0
2026-01-09T09:24:00+00:00,MGC,4484.0,4484.1,4483.4,4483.4,109.0
2026-01-09T09:25:00+00:00,MGC,4483.4,4483.8,4482.8,4483.6,138.0
2026-01-09T09:26:00+00:00,MGC,4483.7,4484.0,4483.0,4483.9,114.0
2026-01-09T09:27:00+00:00,MGC,4484.0,4484.4,4483.1,4483.6,102.0
2026-01-09T09:28:00+00:00,MGC,4483.5,4483.5,4482.3,4482.9,117.0
2026-01-09T09:29:00+00:00,MGC,4482.8,4483.3,4482.0,4482.4,122.0
2026-01-09T09:30:00+00:00,MGC,4482.4,4483.1,4482.0,4482.1,99.0
2026-01-09T09:31:00+00:00,MGC,4482.1,4483.6,4481.8,4483.5,150.0
2026-01-09T09:32:00+00:00,MGC,4483.5,4483.8,4481.9,4482.6,155.0
2026-01-09T09:33:00+00:00,MGC,4482.5,4482.7,4481.2,4481.5,98.0
2026-01-09T09:34:00+00:00,MGC,4481.3,4482.3,4481.3,4481.8,53.0
2026-01-09T09:35:00+00:00,MGC,4481.8,4482.0,4480.3,4480.5,241.0
2026-01-09T09:36:00+00:00,MGC,4480.5,4481.5,4480.5,4481.3,68.0
2026-01-09T09:37:00+00:00,MGC,4481.2,4481.2,4480.5,4480.7,72.0
2026-01-09T09:38:00+00:00,MGC,4480.6,4481.3,4480.3,4481.3,54.0
2026-01-09T09:39:00+00:00,MGC,4481.3,4481.7,4480.6,4481.7,52.0
2026-01-09T09:40:00+00:00,MGC,4481.5,4482.5,4481.5,4482.0,154.0
2026-01-09T09:41:00+00:00,MGC,4482.0,4482.0,4480.9,4480.9,67.0
2026-01-09T09:42:00+00:00,MGC,4481.1,4481.8,4481.1,4481.5,51.0
2026-01-09T09:43:00+00:00,MGC,4481.6,4481.6,4480.4,4480.8,70.0
2026-01-09T09:44:00+00:00,MGC,4481.1,4481.1,4480.0,4480.3,87.0
2026-01-09T09:45:00+00:00,MGC,4480.2,4480.8,4480.1,4480.8,61.0
2026-01-09T09:46:00+00:00,MGC,4481.0,4483.1,4480.3,4482.9,171.0
2026-01-09T09:47:00+00:00,MGC,4482.8,4483.0,4481.8,4481.9,83.0
2026-01-09T09:48:00+00:00,MGC,4482.0,4482.1,4481.4,4481.8,66.0
2026-01-09T09:49:00+00:00,MGC,4481.6,4482.1,4481.5,4481.8,50.0
2026-01-09T09:50:00+00:00,MGC,4481.8,4481.9,4481.1,4481.4,35.0
2026-01-09T09:51:00+00:00,MGC,4481.2,4481.4,4480.4,4480.9,102.0
2026-01-09T09:52:00+00:00,MGC,4481.1,4481.4,4480.9,4481.0,19.0
2026-01-09T09:53:00+00:00,MGC,4480.8,4480.8,4479.6,4479.9,167.0
2026-01-09T09:54:00+00:00,MGC,4480.1,4480.1,4479.2,4479.7,91.0
2026-01-09T09:55:00+00:00,MGC,4479.5,4480.6,4479.5,4480.6,57.0
2026-01-09T09:56:00+00:00,MGC,4480.2,4481.5,4480.2,4481.0,102.0
2026-01-09T09:57:00+00:00,MGC,4480.7,4480.8,4479.7,4479.8,89.0
2026-01-09T09:58:00+00:00,MGC,4479.9,4480.7,4479.6,4479.8,87.0
2026-01-09T09:59:00+00:00,MGC,4479.8,4480.0,4479.4,4479.7,29.0
2026-01-09T10:00:00+00:00,MGC,4479.6,4480.8,4479.3,4480.5,82.0
2026-01-09T10:01:00+00:00,MGC,4480.5,4480.5,4478.8,4479.3,147.0
2026-01-09T10:02:00+00:00,MGC,4479.4,4480.3,4479.4,4480.0,66.0
2026-01-09T10:03:00+00:00,MGC,4480.1,4480.5,4479.7,4480.3,47.0
2026-01-09T10:04:00+00:00,MGC,4480.1,4480.1,4478.9,4479.1,39.0
2026-01-09T10:05:00+00:00,MGC,4479.1,4480.2,4478.2,4480.0,153.0
2026-01-09T10:06:00+00:00,MGC,4479.9,4481.8,4479.8,4481.8,142.0
2026-01-09T10:07:00+00:00,MGC,4481.7,4481.9,4480.4,4480.4,97.0
2026-01-09T10:08:00+00:00,MGC,4480.3,4481.0,4480.2,4480.8,124.0
2026-01-09T10:09:00+00:00,MGC,4480.7,4482.5,4480.7,4482.5,107.0
2026-01-09T10:10:00+00:00,MGC,4482.3,4482.8,4482.0,4482.3,109.0
2026-01-09T10:11:00+00:00,MGC,4482.4,4482.4,4481.5,4481.9,55.0
2026-01-09T10:12:00+00:00,MGC,4481.9,4481.9,4481.2,4481.8,58.0
2026-01-09T10:13:00+00:00,MGC,4481.8,4481.9,4481.0,4481.0,46.0
2026-01-09T10:14:00+00:00,MGC,4481.0,4481.1,4480.4,4480.5,47.0
2026-01-09T10:15:00+00:00,MGC,4480.4,4480.8,4479.9,4480.6,70.0
2026-01-09T10:16:00+00:00,MGC,4480.6,4481.7,4480.6,4481.2,46.0
2026-01-09T10:17:00+00:00,MGC,4481.3,4481.5,4480.9,4481.0,52.0
2026-01-09T10:18:00+00:00,MGC,4481.1,4482.4,4481.1,4482.4,91.0
2026-01-09T10:19:00+00:00,MGC,4482.3,4482.4,4481.7,4482.0,55.0
2026-01-09T10:20:00+00:00,MGC,4482.1,4482.1,4481.2,4481.8,53.0
2026-01-09T10:21:00+00:00,MGC,4482.0,4482.4,4481.5,4481.9,37.0
2026-01-09T10:22:00+00:00,MGC,4481.9,4482.0,4481.0,4481.2,48.0
2026-01-09T10:23:00+00:00,MGC,4481.2,4481.4,4480.5,4481.4,64.0
2026-01-09T10:24:00+00:00,MGC,4481.2,4481.2,4479.3,4479.9,181.0
2026-01-09T10:25:00+00:00,MGC,4479.9,4480.3,4479.4,4479.6,51.0
2026-01-09T10:26:00+00:00,MGC,4479.4,4479.9,4478.4,4478.9,112.0
2026-01-09T10:27:00+00:00,MGC,4478.8,4478.9,4477.3,4477.5,186.0
2026-01-09T10:28:00+00:00,MGC,4477.6,4478.6,4477.6,4478.2,183.0
2026-01-09T10:29:00+00:00,MGC,4478.2,4478.5,4477.4,4477.5,112.0
2026-01-09T10:30:00+00:00,MGC,4477.5,4477.7,4476.8,4477.2,245.0
2026-01-09T10:31:00+00:00,MGC,4477.2,4477.2,4476.7,4476.9,103.0
2026-01-09T10:32:00+00:00,MGC,4476.8,4479.2,4476.7,4479.0,268.0
2026-01-09T10:33:00+00:00,MGC,4479.1,4480.8,4479.1,4480.8,208.0
2026-01-09T10:34:00+00:00,MGC,4480.8,4481.1,4479.0,4479.4,190.0
2026-01-09T10:35:00+00:00,MGC,4479.3,4479.4,4477.7,4478.5,137.0
2026-01-09T10:36:00+00:00,MGC,4478.5,4479.8,4477.7,4479.8,104.0
2026-01-09T10:37:00+00:00,MGC,4479.6,4479.8,4479.1,4479.1,82.0
2026-01-09T10:38:00+00:00,MGC,4479.2,4479.2,4478.6,4478.6,29.0
2026-01-09T10:39:00+00:00,MGC,4478.7,4479.3,4478.4,4479.2,66.0
2026-01-09T10:40:00+00:00,MGC,4479.3,4479.4,4479.0,4479.1,33.0
2026-01-09T10:41:00+00:00,MGC,4478.9,4479.1,4478.3,4478.5,40.0
2026-01-09T10:42:00+00:00,MGC,4478.4,4479.7,4478.4,4479.4,95.0
2026-01-09T10:43:00+00:00,MGC,4479.4,4479.6,4478.6,4478.8,64.0
2026-01-09T10:44:00+00:00,MGC,4478.7,4478.7,4477.8,4477.8,47.0
2026-01-09T10:45:00+00:00,MGC,4477.7,4477.7,4476.6,4476.9,146.0
2026-01-09T10:46:00+00:00,MGC,4476.7,4477.0,4476.2,4476.5,82.0
2026-01-09T10:47:00+00:00,MGC,4476.5,4476.6,4476.0,4476.3,93.0
2026-01-09T10:48:00+00:00,MGC,4476.4,4477.2,4475.9,4476.4,182.0
2026-01-09T10:49:00+00:00,MGC,4476.4,4477.3,4475.8,4477.3,133.0
2026-01-09T10:50:00+00:00,MGC,4477.3,4477.9,4476.7,4477.2,93.0
2026-01-09T10:51:00+00:00,MGC,4477.3,4477.8,4477.0,4477.4,81.0
2026-01-09T10:52:00+00:00,MGC,4477.4,4478.7,4477.0,4478.3,71.0
2026-01-09T10:53:00+00:00,MGC,4478.3,4479.6,4478.3,4479.5,86.0
2026-01-09T10:54:00+00:00,MGC,4479.6,4480.5,4479.6,4480.4,100.0
2026-01-09T10:55:00+00:00,MGC,4480.5,4480.7,4479.8,4479.9,95.0
2026-01-09T10:56:00+00:00,MGC,4479.9,4480.0,4479.3,4479.7,49.0
2026-01-09T10:57:00+00:00,MGC,4479.7,4480.4,4479.2,4480.1,94.0
2026-01-09T10:58:00+00:00,MGC,4480.3,4480.7,4479.9,4480.1,58.0
2026-01-09T10:59:00+00:00,MGC,4480.4,4481.6,4480.4,4481.4,153.0
2026-01-09T11:00:00+00:00,MGC,4481.4,4483.3,4481.3,4483.3,269.0
2026-01-09T11:01:00+00:00,MGC,4483.3,4483.6,4481.7,4481.7,179.0
2026-01-09T11:02:00+00:00,MGC,4481.9,4482.6,4481.5,4482.5,111.0
2026-01-09T11:03:00+00:00,MGC,4482.4,4483.6,4482.4,4483.3,175.0
2026-01-09T11:04:00+00:00,MGC,4483.3,4483.4,4482.0,4482.3,83.0
2026-01-09T11:05:00+00:00,MGC,4482.3,4482.8,4481.7,4482.1,57.0
2026-01-09T11:06:00+00:00,MGC,4481.9,4481.9,4480.7,4481.1,124.0
2026-01-09T11:07:00+00:00,MGC,4481.3,4481.3,4480.4,4480.6,71.0
2026-01-09T11:08:00+00:00,MGC,4480.6,4480.8,4480.0,4480.2,84.0
2026-01-09T11:09:00+00:00,MGC,4480.1,4480.1,4478.6,4479.0,201.0
2026-01-09T11:10:00+00:00,MGC,4479.0,4480.4,4478.9,4480.4,95.0
2026-01-09T11:11:00+00:00,MGC,4480.3,4480.8,4480.0,4480.8,109.0
2026-01-09T11:12:00+00:00,MGC,4480.7,4480.7,4480.2,4480.4,32.0
2026-01-09T11:13:00+00:00,MGC,4480.6,4480.6,4479.8,4480.2,88.0
2026-01-09T11:14:00+00:00,MGC,4480.3,4480.8,4480.0,4480.8,36.0
2026-01-09T11:15:00+00:00,MGC,4480.9,4480.9,4480.3,4480.5,31.0
2026-01-09T11:16:00+00:00,MGC,4480.7,4481.1,4480.5,4480.8,52.0
2026-01-09T11:17:00+00:00,MGC,4480.7,4481.2,4480.1,4480.3,87.0
2026-01-09T11:18:00+00:00,MGC,4480.3,4481.3,4480.3,4481.0,61.0
2026-01-09T11:19:00+00:00,MGC,4481.2,4481.7,4480.8,4481.1,68.0
2026-01-09T11:20:00+00:00,MGC,4481.0,4481.0,4480.2,4480.7,84.0
2026-01-09T11:21:00+00:00,MGC,4480.7,4481.8,4480.6,4481.3,68.0
2026-01-09T11:22:00+00:00,MGC,4481.2,4481.7,4480.6,4481.0,51.0
2026-01-09T11:23:00+00:00,MGC,4481.1,4481.3,4481.0,4481.2,32.0
2026-01-09T11:24:00+00:00,MGC,4481.2,4481.3,4480.4,4481.2,77.0
2026-01-09T11:25:00+00:00,MGC,4481.0,4481.2,4479.9,4480.4,61.0
2026-01-09T11:26:00+00:00,MGC,4480.2,4481.0,4480.2,4481.0,44.0
2026-01-09T11:27:00+00:00,MGC,4480.7,4480.7,4480.0,4480.6,37.0
2026-01-09T11:28:00+00:00,MGC,4480.6,4480.6,4479.3,4479.9,116.0
2026-01-09T11:29:00+00:00,MGC,4479.9,4479.9,4479.3,4479.3,64.0
2026-01-09T11:30:00+00:00,MGC,4479.4,4479.6,4478.9,4478.9,71.0
2026-01-09T11:31:00+00:00,MGC,4479.2,4479.2,4478.1,4478.1,54.0
2026-01-09T11:32:00+00:00,MGC,4478.1,4479.7,4477.8,4479.3,86.0
2026-01-09T11:33:00+00:00,MGC,4479.3,4479.4,4478.3,4479.0,47.0
2026-01-09T11:34:00+00:00,MGC,4479.0,4480.1,4478.8,4479.6,103.0
2026-01-09T11:35:00+00:00,MGC,4479.5,4479.8,4478.9,4479.3,61.0
2026-01-09T11:36:00+00:00,MGC,4479.2,4479.7,4478.7,4479.4,34.0
2026-01-09T11:37:00+00:00,MGC,4479.5,4479.9,4479.2,4479.3,57.0
2026-01-09T11:38:00+00:00,MGC,4479.2,4479.6,4478.2,4479.6,98.0
2026-01-09T11:39:00+00:00,MGC,4479.3,4480.8,4479.3,4480.8,120.0
2026-01-09T11:40:00+00:00,MGC,4480.8,4480.8,4479.6,4479.9,88.0
2026-01-09T11:41:00+00:00,MGC,4479.6,4479.6,4478.5,4478.6,108.0
2026-01-09T11:42:00+00:00,MGC,4478.7,4479.3,4477.9,4478.3,112.0
2026-01-09T11:43:00+00:00,MGC,4478.2,4480.1,4478.2,4479.2,113.0
2026-01-09T11:44:00+00:00,MGC,4479.4,4479.5,4479.0,4479.5,24.0
2026-01-09T11:45:00+00:00,MGC,4479.2,4479.5,4478.7,4479.1,70.0
2026-01-09T11:46:00+00:00,MGC,4478.7,4478.7,4477.2,4477.7,125.0
2026-01-09T11:47:00+00:00,MGC,4478.4,4479.5,4478.4,4479.2,62.0
2026-01-09T11:48:00+00:00,MGC,4479.1,4480.2,4479.0,4479.7,69.0
2026-01-09T11:49:00+00:00,MGC,4479.9,4481.3,4479.9,4481.2,85.0
2026-01-09T11:50:00+00:00,MGC,4481.2,4481.8,4481.2,4481.8,86.0
2026-01-09T11:51:00+00:00,MGC,4481.7,4481.9,4480.8,4481.5,106.0
2026-01-09T11:52:00+00:00,MGC,4481.5,4481.8,4480.4,4480.6,101.0
2026-01-09T11:53:00+00:00,MGC,4480.5,4481.4,4480.3,4480.7,73.0
2026-01-09T11:54:00+00:00,MGC,4480.9,4482.5,4480.9,4482.2,82.0
2026-01-09T11:55:00+00:00,MGC,4482.4,4482.7,4482.0,4482.5,97.0
2026-01-09T11:56:00+00:00,MGC,4482.7,4483.9,4482.6,4482.8,254.0
2026-01-09T11:57:00+00:00,MGC,4483.0,4483.9,4483.0,4483.2,152.0
2026-01-09T11:58:00+00:00,MGC,4483.3,4484.7,4483.0,4484.6,220.0
2026-01-09T11:59:00+00:00,MGC,4484.6,4485.2,4484.4,4484.4,242.0
2026-01-09T12:00:00+00:00,MGC,4484.3,4487.9,4484.3,4487.6,582.0
2026-01-09T12:01:00+00:00,MGC,4487.7,4487.8,4486.2,4486.7,354.0
2026-01-09T12:02:00+00:00,MGC,4486.6,4486.9,4485.7,4486.3,141.0
2026-01-09T12:03:00+00:00,MGC,4486.3,4486.6,4485.7,4486.1,164.0
2026-01-09T12:04:00+00:00,MGC,4486.1,4486.9,4486.0,4486.0,133.0
2026-01-09T12:05:00+00:00,MGC,4486.2,4489.0,4485.9,4488.9,512.0
2026-01-09T12:06:00+00:00,MGC,4489.0,4489.6,4488.2,4488.3,428.0
2026-01-09T12:07:00+00:00,MGC,4488.3,4488.5,4487.2,4487.9,314.0
2026-01-09T12:08:00+00:00,MGC,4488.1,4488.7,4486.9,4486.9,162.0
2026-01-09T12:09:00+00:00,MGC,4487.0,4488.0,4486.6,4486.6,181.0
2026-01-09T12:10:00+00:00,MGC,4486.5,4486.6,4485.4,4486.2,254.0
2026-01-09T12:11:00+00:00,MGC,4486.1,4486.3,4482.7,4483.1,436.0
2026-01-09T12:12:00+00:00,MGC,4483.1,4483.8,4481.4,4482.5,298.0
2026-01-09T12:13:00+00:00,MGC,4482.5,4483.0,4481.0,4482.5,321.0
2026-01-09T12:14:00+00:00,MGC,4482.4,4483.2,4482.3,4483.2,183.0
2026-01-09T12:15:00+00:00,MGC,4483.3,4484.1,4482.4,4482.8,243.0
2026-01-09T12:16:00+00:00,MGC,4483.0,4483.4,4482.3,4483.1,141.0
2026-01-09T12:17:00+00:00,MGC,4483.4,4484.0,4482.8,4483.2,132.0
2026-01-09T12:18:00+00:00,MGC,4483.3,4483.4,4482.7,4482.9,92.0
2026-01-09T12:19:00+00:00,MGC,4483.0,4483.0,4482.3,4482.7,80.0
2026-01-09T12:20:00+00:00,MGC,4482.6,4482.7,4480.0,4480.3,383.0
2026-01-09T12:21:00+00:00,MGC,4480.2,4480.4,4479.6,4480.0,223.0
2026-01-09T12:22:00+00:00,MGC,4479.8,4480.5,4479.6,4480.1,122.0
2026-01-09T12:23:00+00:00,MGC,4480.2,4480.8,4480.1,4480.8,19.0
2026-01-09T12:24:00+00:00,MGC,4479.7,4479.9,4479.6,4479.9,21.0
